公司代號名稱,股東會日期,股利所屬年(季)度,決議（擬議）進度,股東配發-盈餘分配之現金股利(元/股),股東配發-法定盈餘公積發放之現金(元/股),股東配發-資本公積發放之現金(元/股),股東配發-股東配發之現金(股利)總金額(元),股東配發-盈餘轉增資配股(元/股),股東配發-法定盈餘公積轉增資配股(元/股),股東配發-資本公積轉增資配股(元/股),股東配發-股東配股總股數(股)
1102 - 亞泥,不適用,114年 第2季,董事會決議,0.0,0.0,0.0,                  0,0.0,0.0,0.0,                  0
1102 - 亞泥,不適用,114年 第1季,董事會決議,0.0,0.0,0.0,                  0,0.0,0.0,0.0,                  0
1102 - 亞泥,不適用,114年 第2季,董事會決議,0.0,0.0,0.0,                  0,0.0,0.0,0.0,                  0
1102 - 亞泥,不適用,114年 第1季,董事會決議,0.0,0.0,0.0,                  0,0.0,0.0,0.0,                  0
1102 - 亞泥,不適用,114年 第2季,董事會決議,0.0,0.0,0.0,                  0,0.0,0.0,0.0,                  0
1102 - 亞泥,不適用,114年 第1季,董事會決議,0.0,0.0,0.0,                  0,0.0,0.0,0.0,                  0
1102 - 亞泥,不適用,114年 第2季,董事會決議,0.0,0.0,0.0,                  0,0.0,0.0,0.0,                  0
1102 - 亞泥,不適用,114年 第1季,董事會決議,0.0,0.0,0.0,                  0,0.0,0.0,0.0,                  0
1218 - 泰山,不適用,114年 第1季,董事會決議,0.0,0.0,0.0,                  0,0.0,0.0,0.0,                  0
1218 - 泰山,不適用,114年 第1季,董事會決議,0.0,0.0,0.0,                  0,0.0,0.0,0.0,                  0
1218 - 泰山,不適用,114年 第1季,董事會決議,0.0,0.0,0.0,                  0,0.0,0.0,0.0,                  0
1218 - 泰山,不適用,114年 第1季,董事會決議,0.0,0.0,0.0,                  0,0.0,0.0,0.0,                  0
1229 - 聯華,不適用,114年 第1季,董事會決議,0.0,0.0,0.0,                  0,0.0,0.0,0.0,                  0
1229 - 聯華,不適用,114年 第2季,董事會決議,0.0,0.0,0.0,                  0,0.0,0.0,0.0,                  0
1229 - 聯華,不適用,114年 第2季,董事會決議,0.0,0.0,0.0,                  0,0.0,0.0,0.0,                  0
1229 - 聯華,不適用,114年 第1季,董事會決議,0.0,0.0,0.0,                  0,0.0,0.0,0.0,                  0
1229 - 聯華,不適用,114年 第2季,董事會決議,0.0,0.0,0.0,                  0,0.0,0.0,0.0,                  0
1229 - 聯華,不適用,114年 第1季,董事會決議,0.0,0.0,0.0,                  0,0.0,0.0,0.0,                  0
1229 - 聯華,不適用,114年 第2季,董事會決議,0.0,0.0,0.0,                  0,0.0,0.0,0.0,                  0
1229 - 聯華,不適用,114年 第1季,董事會決議,0.0,0.0,0.0,                  0,0.0,0.0,0.0,                  0
1315 - 達新,不適用,114年 上半年,董事會決議,2.00000000,0.0,0.0,"        198,198,000",0.0,0.0,0.0,                  0
1315 - 達新,不適用,114年 上半年,董事會決議,2.00000000,0.0,0.0,"        198,198,000",0.0,0.0,0.0,                  0
1315 - 達新,不適用,114年 上半年,董事會決議,2.00000000,0.0,0.0,"        198,198,000",0.0,0.0,0.0,                  0
1315 - 達新,不適用,114年 上半年,董事會決議,2.00000000,0.0,0.0,"        198,198,000",0.0,0.0,0.0,                  0
1316 - 上曜,不適用,114年 上半年,董事會決議,0.0,0.0,0.0,                  0,0.0,0.0,0.0,                  0
1316 - 上曜,不適用,114年 上半年,董事會決議,0.0,0.0,0.0,                  0,0.0,0.0,0.0,                  0
1316 - 上曜,不適用,114年 上半年,董事會決議,0.0,0.0,0.0,                  0,0.0,0.0,0.0,                  0
1316 - 上曜,不適用,114年 上半年,董事會決議,0.0,0.0,0.0,                  0,0.0,0.0,0.0,                  0
1341 - 富林-KY,不適用,114年 第2季,董事會決議,0.0,0.0,0.0,                  0,0.0,0.0,0.0,                  0
1341 - 富林-KY,不適用,114年 第1季,董事會決議,0.0,0.0,0.0,                  0,0.0,0.0,0.0,                  0
1341 - 富林-KY,不適用,114年 第1季,董事會決議,0.0,0.0,0.0,                  0,0.0,0.0,0.0,                  0
1341 - 富林-KY,不適用,114年 第2季,董事會決議,0.0,0.0,0.0,                  0,0.0,0.0,0.0,                  0
1341 - 富林-KY,不適用,114年 第2季,董事會決議,0.0,0.0,0.0,                  0,0.0,0.0,0.0,                  0
1341 - 富林-KY,不適用,114年 第1季,董事會決議,0.0,0.0,0.0,                  0,0.0,0.0,0.0,                  0
1341 - 富林-KY,不適用,114年 第1季,董事會決議,0.0,0.0,0.0,                  0,0.0,0.0,0.0,                  0
1341 - 富林-KY,不適用,114年 第2季,董事會決議,0.0,0.0,0.0,                  0,0.0,0.0,0.0,                  0
1437 - 勤益控,不適用,114年 第2季,董事會決議,0.0,0.0,0.0,                  0,0.0,0.0,0.0,                  0
1437 - 勤益控,不適用,114年 第2季,董事會決議,0.0,0.0,0.0,                  0,0.0,0.0,0.0,                  0
1437 - 勤益控,不適用,114年 第2季,董事會決議,0.0,0.0,0.0,                  0,0.0,0.0,0.0,                  0
1437 - 勤益控,不適用,114年 第2季,董事會決議,0.0,0.0,0.0,                  0,0.0,0.0,0.0,                  0
1470 - 大統新創,不適用,114年 上半年,董事會決議,0.0,0.0,0.0,                  0,0.0,0.0,0.0,                  0
1470 - 大統新創,不適用,114年 上半年,董事會決議,0.0,0.0,0.0,                  0,0.0,0.0,0.0,                  0
1470 - 大統新創,不適用,114年 上半年,董事會決議,0.0,0.0,0.0,                  0,0.0,0.0,0.0,                  0
1470 - 大統新創,不適用,114年 上半年,董事會決議,0.0,0.0,0.0,                  0,0.0,0.0,0.0,                  0
1477 - 聚陽,不適用,114年 上半年,董事會決議,6.00000000,0.0,0.0,"      1,480,162,278",0.0,0.0,0.0,                  0
1477 - 聚陽,不適用,114年 上半年,董事會決議,6.00000000,0.0,0.0,"      1,480,162,278",0.0,0.0,0.0,                  0
1477 - 聚陽,不適用,114年 上半年,董事會決議,6.00000000,0.0,0.0,"      1,480,162,278",0.0,0.0,0.0,                  0
1477 - 聚陽,不適用,114年 上半年,董事會決議,6.00000000,0.0,0.0,"      1,480,162,278",0.0,0.0,0.0,                  0
1536 - 和大,不適用,114年 上半年,董事會決議,0.0,0.0,0.0,                  0,0.0,0.0,0.0,                  0
1536 - 和大,不適用,114年 上半年,董事會決議,0.0,0.0,0.0,                  0,0.0,0.0,0.0,                  0
1536 - 和大,不適用,114年 上半年,董事會決議,0.0,0.0,0.0,                  0,0.0,0.0,0.0,                  0
1536 - 和大,不適用,114年 上半年,董事會決議,0.0,0.0,0.0,                  0,0.0,0.0,0.0,                  0
1587 - 吉茂,不適用,114年 上半年,董事會決議,0.0,0.0,0.0,                  0,0.0,0.0,0.0,                  0
1587 - 吉茂,不適用,114年 上半年,董事會決議,0.0,0.0,0.0,                  0,0.0,0.0,0.0,                  0
1587 - 吉茂,不適用,114年 上半年,董事會決議,0.0,0.0,0.0,                  0,0.0,0.0,0.0,                  0
1587 - 吉茂,不適用,114年 上半年,董事會決議,0.0,0.0,0.0,                  0,0.0,0.0,0.0,                  0
1591 - 駿吉-KY,不適用,114年 上半年,董事會決議,0.0,0.0,0.0,                  0,0.0,0.0,0.0,                  0
1591 - 駿吉-KY,不適用,114年 上半年,董事會決議,0.0,0.0,0.0,                  0,0.0,0.0,0.0,                  0
1591 - 駿吉-KY,不適用,114年 上半年,董事會決議,0.0,0.0,0.0,                  0,0.0,0.0,0.0,                  0
1591 - 駿吉-KY,不適用,114年 上半年,董事會決議,0.0,0.0,0.0,                  0,0.0,0.0,0.0,                  0
1593 - 祺驊,不適用,114年 第2季,董事會決議,0.0,0.0,0.0,                  0,0.0,0.0,0.0,                  0
1593 - 祺驊,不適用,114年 第2季,董事會決議,0.0,0.0,0.0,                  0,0.0,0.0,0.0,                  0
1593 - 祺驊,不適用,114年 第2季,董事會決議,0.0,0.0,0.0,                  0,0.0,0.0,0.0,                  0
1593 - 祺驊,不適用,114年 第1季,董事會決議,0.0,0.0,0.0,                  0,0.0,0.0,0.0,                  0
1593 - 祺驊,不適用,114年 第1季,董事會決議,0.0,0.0,0.0,                  0,0.0,0.0,0.0,                  0
1593 - 祺驊,不適用,114年 第1季,董事會決議,0.0,0.0,0.0,                  0,0.0,0.0,0.0,                  0
1593 - 祺驊,不適用,114年 第1季,董事會決議,0.0,0.0,0.0,                  0,0.0,0.0,0.0,                  0
1593 - 祺驊,不適用,114年 第2季,董事會決議,0.0,0.0,0.0,                  0,0.0,0.0,0.0,                  0
1709 - 和益,不適用,114年 上半年,董事會決議,0.0,0.0,0.0,                  0,0.0,0.0,0.0,                  0
1709 - 和益,不適用,114年 上半年,董事會決議,0.0,0.0,0.0,                  0,0.0,0.0,0.0,                  0
1709 - 和益,不適用,114年 上半年,董事會決議,0.0,0.0,0.0,                  0,0.0,0.0,0.0,                  0
1709 - 和益,不適用,114年 上半年,董事會決議,0.0,0.0,0.0,                  0,0.0,0.0,0.0,                  0
1730 - 花仙子,不適用,114年 上半年,董事會決議,0.0,0.0,0.0,                  0,0.0,0.0,0.0,                  0
1730 - 花仙子,不適用,114年 上半年,董事會決議,0.0,0.0,0.0,                  0,0.0,0.0,0.0,                  0
1730 - 花仙子,不適用,114年 上半年,董事會決議,0.0,0.0,0.0,                  0,0.0,0.0,0.0,                  0
1730 - 花仙子,不適用,114年 上半年,董事會決議,0.0,0.0,0.0,                  0,0.0,0.0,0.0,                  0
1784 - 訊聯,不適用,114年 上半年,董事會決議,0.0,0.0,0.0,                  0,0.0,0.0,0.0,                  0
1784 - 訊聯,不適用,114年 上半年,董事會決議,0.0,0.0,0.0,                  0,0.0,0.0,0.0,                  0
1784 - 訊聯,不適用,114年 上半年,董事會決議,0.0,0.0,0.0,                  0,0.0,0.0,0.0,                  0
1784 - 訊聯,不適用,114年 上半年,董事會決議,0.0,0.0,0.0,                  0,0.0,0.0,0.0,                  0
1806 - 冠軍,不適用,114年 上半年,董事會決議,0.0,0.0,0.0,                  0,0.0,0.0,0.0,                  0
1806 - 冠軍,不適用,114年 上半年,董事會決議,0.0,0.0,0.0,                  0,0.0,0.0,0.0,                  0
1806 - 冠軍,不適用,114年 上半年,董事會決議,0.0,0.0,0.0,                  0,0.0,0.0,0.0,                  0
1806 - 冠軍,不適用,114年 上半年,董事會決議,0.0,0.0,0.0,                  0,0.0,0.0,0.0,                  0
1906 - 寶隆,不適用,114年 上半年,董事會決議,0.0,0.0,0.0,                  0,0.0,0.0,0.0,                  0
1906 - 寶隆,不適用,114年 上半年,董事會決議,0.0,0.0,0.0,                  0,0.0,0.0,0.0,                  0
1906 - 寶隆,不適用,114年 上半年,董事會決議,0.0,0.0,0.0,                  0,0.0,0.0,0.0,                  0
1906 - 寶隆,不適用,114年 上半年,董事會決議,0.0,0.0,0.0,                  0,0.0,0.0,0.0,                  0
1909 - 榮成,不適用,114年 上半年,董事會決議,0.0,0.0,0.0,                  0,0.0,0.0,0.0,                  0
1909 - 榮成,不適用,114年 上半年,董事會決議,0.0,0.0,0.0,                  0,0.0,0.0,0.0,                  0
1909 - 榮成,不適用,114年 上半年,董事會決議,0.0,0.0,0.0,                  0,0.0,0.0,0.0,                  0
1909 - 榮成,不適用,114年 上半年,董事會決議,0.0,0.0,0.0,                  0,0.0,0.0,0.0,                  0
2028 - 威致,不適用,114年 第2季,董事會決議,0.0,0.0,0.0,                  0,0.0,0.0,0.0,                  0
2028 - 威致,不適用,114年 第1季,董事會決議,0.0,0.0,0.0,                  0,0.0,0.0,0.0,                  0
2028 - 威致,不適用,114年 第1季,董事會決議,0.0,0.0,0.0,                  0,0.0,0.0,0.0,                  0
2028 - 威致,不適用,114年 第2季,董事會決議,0.0,0.0,0.0,                  0,0.0,0.0,0.0,                  0
2028 - 威致,不適用,114年 第1季,董事會決議,0.0,0.0,0.0,                  0,0.0,0.0,0.0,                  0
2028 - 威致,不適用,114年 第2季,董事會決議,0.0,0.0,0.0,                  0,0.0,0.0,0.0,                  0
2028 - 威致,不適用,114年 第2季,董事會決議,0.0,0.0,0.0,                  0,0.0,0.0,0.0,                  0
2028 - 威致,不適用,114年 第1季,董事會決議,0.0,0.0,0.0,                  0,0.0,0.0,0.0,                  0
2061 - 風青,不適用,114年 第1季,董事會決議,0.0,0.0,0.0,                  0,0.0,0.0,0.0,                  0
2061 - 風青,不適用,114年 第1季,董事會決議,0.0,0.0,0.0,                  0,0.0,0.0,0.0,                  0
2061 - 風青,不適用,114年 第2季,董事會決議,0.0,0.0,0.0,                  0,0.0,0.0,0.0,                  0
2061 - 風青,不適用,114年 第2季,董事會決議,0.0,0.0,0.0,                  0,0.0,0.0,0.0,                  0
2061 - 風青,不適用,114年 第2季,董事會決議,0.0,0.0,0.0,                  0,0.0,0.0,0.0,                  0
2061 - 風青,不適用,114年 第1季,董事會決議,0.0,0.0,0.0,                  0,0.0,0.0,0.0,                  0
2061 - 風青,不適用,114年 第2季,董事會決議,0.0,0.0,0.0,                  0,0.0,0.0,0.0,                  0
2061 - 風青,不適用,114年 第1季,董事會決議,0.0,0.0,0.0,                  0,0.0,0.0,0.0,                  0
2063 - 世鎧,不適用,114年 第1季,董事會決議,0.0,0.0,0.0,                  0,0.0,0.0,0.0,                  0
2063 - 世鎧,不適用,114年 第1季,董事會決議,0.0,0.0,0.0,                  0,0.0,0.0,0.0,                  0
2063 - 世鎧,不適用,114年 第2季,董事會決議,0.0,0.0,0.0,                  0,0.0,0.0,0.0,                  0
2063 - 世鎧,不適用,114年 第2季,董事會決議,0.0,0.0,0.0,                  0,0.0,0.0,0.0,                  0
2063 - 世鎧,不適用,114年 第1季,董事會決議,0.0,0.0,0.0,                  0,0.0,0.0,0.0,                  0
2063 - 世鎧,不適用,114年 第2季,董事會決議,0.0,0.0,0.0,                  0,0.0,0.0,0.0,                  0
2063 - 世鎧,不適用,114年 第1季,董事會決議,0.0,0.0,0.0,                  0,0.0,0.0,0.0,                  0
2063 - 世鎧,不適用,114年 第2季,董事會決議,0.0,0.0,0.0,                  0,0.0,0.0,0.0,                  0
2065 - 世豐,不適用,114年 第1季,董事會決議,0.0,0.0,0.0,                  0,0.0,0.0,0.0,                  0
2065 - 世豐,不適用,114年 第2季,董事會決議,0.0,0.0,0.0,                  0,0.0,0.0,0.0,                  0
2065 - 世豐,不適用,114年 第2季,董事會決議,0.0,0.0,0.0,                  0,0.0,0.0,0.0,                  0
2065 - 世豐,不適用,114年 第2季,董事會決議,0.0,0.0,0.0,                  0,0.0,0.0,0.0,                  0
2065 - 世豐,不適用,114年 第2季,董事會決議,0.0,0.0,0.0,                  0,0.0,0.0,0.0,                  0
2065 - 世豐,不適用,114年 第1季,董事會決議,0.0,0.0,0.0,                  0,0.0,0.0,0.0,                  0
2065 - 世豐,不適用,114年 第1季,董事會決議,0.0,0.0,0.0,                  0,0.0,0.0,0.0,                  0
2065 - 世豐,不適用,114年 第1季,董事會決議,0.0,0.0,0.0,                  0,0.0,0.0,0.0,                  0
2066 - 世德,不適用,114年 上半年,董事會決議,0.0,0.0,0.0,                  0,0.0,0.0,0.0,                  0
2066 - 世德,不適用,114年 上半年,董事會決議,0.0,0.0,0.0,                  0,0.0,0.0,0.0,                  0
2066 - 世德,不適用,114年 上半年,董事會決議,0.0,0.0,0.0,                  0,0.0,0.0,0.0,                  0
2066 - 世德,不適用,114年 上半年,董事會決議,0.0,0.0,0.0,                  0,0.0,0.0,0.0,                  0
2070 - 精湛,不適用,114年 上半年,董事會決議,0.50000000,0.0,0.0,"         17,891,400",0.0,0.0,0.0,                  0
2070 - 精湛,不適用,114年 上半年,董事會決議,0.50000000,0.0,0.0,"         17,891,400",0.0,0.0,0.0,                  0
2070 - 精湛,不適用,114年 上半年,董事會決議,0.50000000,0.0,0.0,"         17,891,400",0.0,0.0,0.0,                  0
2070 - 精湛,不適用,114年 上半年,董事會決議,0.50000000,0.0,0.0,"         17,891,400",0.0,0.0,0.0,                  0
2101 - 南港,不適用,114年 上半年,董事會決議,0.0,0.0,0.0,                  0,0.0,0.0,0.0,                  0
2101 - 南港,不適用,114年 上半年,董事會決議,0.0,0.0,0.0,                  0,0.0,0.0,0.0,                  0
2101 - 南港,不適用,114年 上半年,董事會決議,0.0,0.0,0.0,                  0,0.0,0.0,0.0,                  0
2101 - 南港,不適用,114年 上半年,董事會決議,0.0,0.0,0.0,                  0,0.0,0.0,0.0,                  0
2102 - 泰豐,不適用,114年 上半年,董事會決議,0.0,0.0,0.0,                  0,0.0,0.0,0.0,                  0
2102 - 泰豐,不適用,114年 上半年,董事會決議,0.0,0.0,0.0,                  0,0.0,0.0,0.0,                  0
2102 - 泰豐,不適用,114年 上半年,董事會決議,0.0,0.0,0.0,                  0,0.0,0.0,0.0,                  0
2102 - 泰豐,不適用,114年 上半年,董事會決議,0.0,0.0,0.0,                  0,0.0,0.0,0.0,                  0
2109 - 華豐,不適用,114年 上半年,董事會決議,0.50000000,0.0,0.0,"        139,674,567",0.0,0.0,0.0,                  0
2109 - 華豐,不適用,114年 上半年,董事會決議,0.50000000,0.0,0.0,"        139,674,567",0.0,0.0,0.0,                  0
2109 - 華豐,不適用,114年 上半年,董事會決議,0.50000000,0.0,0.0,"        139,674,567",0.0,0.0,0.0,                  0
2109 - 華豐,不適用,114年 上半年,董事會決議,0.50000000,0.0,0.0,"        139,674,567",0.0,0.0,0.0,                  0
2254 - 巨鎧精密-創,不適用,114年 上半年,董事會決議,0.0,0.0,0.0,                  0,0.0,0.0,0.0,                  0
2254 - 巨鎧精密-創,不適用,114年 上半年,董事會決議,0.0,0.0,0.0,                  0,0.0,0.0,0.0,                  0
2254 - 巨鎧精密-創,不適用,114年 上半年,董事會決議,0.0,0.0,0.0,                  0,0.0,0.0,0.0,                  0
2254 - 巨鎧精密-創,不適用,114年 上半年,董事會決議,0.0,0.0,0.0,                  0,0.0,0.0,0.0,                  0
2301 - 光寶科,不適用,114年 第1季,董事會決議,0.0,0.0,0.0,                  0,0.0,0.0,0.0,                  0
2301 - 光寶科,不適用,114年 第2季,董事會決議,2.00000000,0.0,0.0,"      4,553,551,526",0.0,0.0,0.0,                  0
2301 - 光寶科,不適用,114年 第2季,董事會決議,2.00000000,0.0,0.0,"      4,553,551,526",0.0,0.0,0.0,                  0
2301 - 光寶科,不適用,114年 第2季,董事會決議,2.00000000,0.0,0.0,"      4,553,551,526",0.0,0.0,0.0,                  0
2301 - 光寶科,不適用,114年 第1季,董事會決議,0.0,0.0,0.0,                  0,0.0,0.0,0.0,                  0
2301 - 光寶科,不適用,114年 第1季,董事會決議,0.0,0.0,0.0,                  0,0.0,0.0,0.0,                  0
2301 - 光寶科,不適用,114年 第2季,董事會決議,2.00000000,0.0,0.0,"      4,553,551,526",0.0,0.0,0.0,                  0
2301 - 光寶科,不適用,114年 第1季,董事會決議,0.0,0.0,0.0,                  0,0.0,0.0,0.0,                  0
2330 - 台積電,不適用,114年 第2季,董事會決議,5.00000000,0.0,0.0,"    129,662,912,605",0.0,0.0,0.0,                  0
2330 - 台積電,不適用,114年 第1季,董事會決議,5.00001754,0.0,0.0,"    129,663,077,605",0.0,0.0,0.0,                  0
2330 - 台積電,不適用,114年 第1季,董事會決議,5.00001754,0.0,0.0,"    129,663,077,605",0.0,0.0,0.0,                  0
2330 - 台積電,不適用,114年 第2季,董事會決議,5.00000000,0.0,0.0,"    129,662,912,605",0.0,0.0,0.0,                  0
2330 - 台積電,不適用,114年 第2季,董事會決議,5.00000000,0.0,0.0,"    129,662,912,605",0.0,0.0,0.0,                  0
2330 - 台積電,不適用,114年 第1季,董事會決議,5.00001754,0.0,0.0,"    129,663,077,605",0.0,0.0,0.0,                  0
2330 - 台積電,不適用,114年 第2季,董事會決議,5.00000000,0.0,0.0,"    129,662,912,605",0.0,0.0,0.0,                  0
2330 - 台積電,不適用,114年 第1季,董事會決議,5.00001754,0.0,0.0,"    129,663,077,605",0.0,0.0,0.0,                  0
2342 - 茂矽,不適用,114年 上半年,董事會決議,0.0,0.0,0.0,                  0,0.0,0.0,0.0,                  0
2342 - 茂矽,不適用,114年 上半年,董事會決議,0.0,0.0,0.0,                  0,0.0,0.0,0.0,                  0
2342 - 茂矽,不適用,114年 上半年,董事會決議,0.0,0.0,0.0,                  0,0.0,0.0,0.0,                  0
2342 - 茂矽,不適用,114年 上半年,董事會決議,0.0,0.0,0.0,                  0,0.0,0.0,0.0,                  0
2344 - 華邦電,不適用,114年 上半年,董事會決議,0.0,0.0,0.0,                  0,0.0,0.0,0.0,                  0
2344 - 華邦電,不適用,114年 上半年,董事會決議,0.0,0.0,0.0,                  0,0.0,0.0,0.0,                  0
2344 - 華邦電,不適用,114年 上半年,董事會決議,0.0,0.0,0.0,                  0,0.0,0.0,0.0,                  0
2344 - 華邦電,不適用,114年 上半年,董事會決議,0.0,0.0,0.0,                  0,0.0,0.0,0.0,                  0
2359 - 所羅門,不適用,114年 上半年,董事會決議,0.0,0.0,0.0,                  0,0.0,0.0,0.0,                  0
2359 - 所羅門,不適用,114年 上半年,董事會決議,0.0,0.0,0.0,                  0,0.0,0.0,0.0,                  0
2359 - 所羅門,不適用,114年 上半年,董事會決議,0.0,0.0,0.0,                  0,0.0,0.0,0.0,                  0
2359 - 所羅門,不適用,114年 上半年,董事會決議,0.0,0.0,0.0,                  0,0.0,0.0,0.0,                  0
2365 - 昆盈,不適用,114年 第1季,董事會決議,0.0,0.0,0.0,                  0,0.0,0.0,0.0,                  0
2365 - 昆盈,不適用,114年 第1季,董事會決議,0.0,0.0,0.0,                  0,0.0,0.0,0.0,                  0
2365 - 昆盈,不適用,114年 第2季,董事會決議,0.0,0.0,0.0,                  0,0.0,0.0,0.0,                  0
2365 - 昆盈,不適用,114年 第1季,董事會決議,0.0,0.0,0.0,                  0,0.0,0.0,0.0,                  0
2365 - 昆盈,不適用,114年 第2季,董事會決議,0.0,0.0,0.0,                  0,0.0,0.0,0.0,                  0
2365 - 昆盈,不適用,114年 第2季,董事會決議,0.0,0.0,0.0,                  0,0.0,0.0,0.0,                  0
2365 - 昆盈,不適用,114年 第1季,董事會決議,0.0,0.0,0.0,                  0,0.0,0.0,0.0,                  0
2365 - 昆盈,不適用,114年 第2季,董事會決議,0.0,0.0,0.0,                  0,0.0,0.0,0.0,                  0
2371 - 大同,不適用,114年 上半年,董事會決議,0.0,0.0,0.0,                  0,0.0,0.0,0.0,                  0
2371 - 大同,不適用,114年 上半年,董事會決議,0.0,0.0,0.0,                  0,0.0,0.0,0.0,                  0
2371 - 大同,不適用,114年 上半年,董事會決議,0.0,0.0,0.0,                  0,0.0,0.0,0.0,                  0
2371 - 大同,不適用,114年 上半年,董事會決議,0.0,0.0,0.0,                  0,0.0,0.0,0.0,                  0
2380 - 虹光,不適用,114年 上半年,董事會決議,0.0,0.0,0.0,                  0,0.0,0.0,0.0,                  0
2380 - 虹光,不適用,114年 上半年,董事會決議,0.0,0.0,0.0,                  0,0.0,0.0,0.0,                  0
2380 - 虹光,不適用,114年 上半年,董事會決議,0.0,0.0,0.0,                  0,0.0,0.0,0.0,                  0
2380 - 虹光,不適用,114年 上半年,董事會決議,0.0,0.0,0.0,                  0,0.0,0.0,0.0,                  0
2382 - 廣達,不適用,114年 上半年,董事會決議,0.0,0.0,0.0,                  0,0.0,0.0,0.0,                  0
2382 - 廣達,不適用,114年 上半年,董事會決議,0.0,0.0,0.0,                  0,0.0,0.0,0.0,                  0
2382 - 廣達,不適用,114年 上半年,董事會決議,0.0,0.0,0.0,                  0,0.0,0.0,0.0,                  0
2382 - 廣達,不適用,114年 上半年,董事會決議,0.0,0.0,0.0,                  0,0.0,0.0,0.0,                  0
2405 - 輔信,不適用,114年 上半年,董事會決議,0.0,0.0,0.0,                  0,0.0,0.0,0.0,                  0
2405 - 輔信,不適用,114年 上半年,董事會決議,0.0,0.0,0.0,                  0,0.0,0.0,0.0,                  0
2405 - 輔信,不適用,114年 上半年,董事會決議,0.0,0.0,0.0,                  0,0.0,0.0,0.0,                  0
2405 - 輔信,不適用,114年 上半年,董事會決議,0.0,0.0,0.0,                  0,0.0,0.0,0.0,                  0
2458 - 義隆,不適用,114年 上半年,董事會決議,2.64454800,0.0,0.0,"        790,089,020",0.0,0.0,0.0,                  0
2458 - 義隆,不適用,114年 上半年,董事會決議,2.64454800,0.0,0.0,"        790,089,020",0.0,0.0,0.0,                  0
2458 - 義隆,不適用,114年 上半年,董事會決議,2.64454800,0.0,0.0,"        790,089,020",0.0,0.0,0.0,                  0
2458 - 義隆,不適用,114年 上半年,董事會決議,2.64454800,0.0,0.0,"        790,089,020",0.0,0.0,0.0,                  0
2461 - 光群雷,不適用,114年 第2季,董事會決議,0.0,0.0,0.0,                  0,0.0,0.0,0.0,                  0
2461 - 光群雷,不適用,114年 第2季,董事會決議,0.0,0.0,0.0,                  0,0.0,0.0,0.0,                  0
2461 - 光群雷,不適用,114年 第1季,董事會決議,0.0,0.0,0.0,                  0,0.0,0.0,0.0,                  0
2461 - 光群雷,不適用,114年 第1季,董事會決議,0.0,0.0,0.0,                  0,0.0,0.0,0.0,                  0
2461 - 光群雷,不適用,114年 第1季,董事會決議,0.0,0.0,0.0,                  0,0.0,0.0,0.0,                  0
2461 - 光群雷,不適用,114年 第2季,董事會決議,0.0,0.0,0.0,                  0,0.0,0.0,0.0,                  0
2461 - 光群雷,不適用,114年 第1季,董事會決議,0.0,0.0,0.0,                  0,0.0,0.0,0.0,                  0
2461 - 光群雷,不適用,114年 第2季,董事會決議,0.0,0.0,0.0,                  0,0.0,0.0,0.0,                  0
2489 - 瑞軒,不適用,114年 上半年,董事會決議,0.0,0.0,0.0,                  0,0.0,0.0,0.0,                  0
2489 - 瑞軒,不適用,114年 上半年,董事會決議,0.0,0.0,0.0,                  0,0.0,0.0,0.0,                  0
2489 - 瑞軒,不適用,114年 上半年,董事會決議,0.0,0.0,0.0,                  0,0.0,0.0,0.0,                  0
2489 - 瑞軒,不適用,114年 上半年,董事會決議,0.0,0.0,0.0,                  0,0.0,0.0,0.0,                  0
2496 - 卓越,不適用,114年 上半年,董事會決議,1.50000000,0.0,0.0,"         28,650,660",0.0,0.0,0.0,                  0
2496 - 卓越,不適用,114年 上半年,董事會決議,1.50000000,0.0,0.0,"         28,650,660",0.0,0.0,0.0,                  0
2496 - 卓越,不適用,114年 上半年,董事會決議,1.50000000,0.0,0.0,"         28,650,660",0.0,0.0,0.0,                  0
2496 - 卓越,不適用,114年 上半年,董事會決議,1.50000000,0.0,0.0,"         28,650,660",0.0,0.0,0.0,                  0
2506 - 太設,不適用,114年 上半年,董事會決議,0.0,0.0,0.0,                  0,0.0,0.0,0.0,                  0
2506 - 太設,不適用,114年 上半年,董事會決議,0.0,0.0,0.0,                  0,0.0,0.0,0.0,                  0
2506 - 太設,不適用,114年 上半年,董事會決議,0.0,0.0,0.0,                  0,0.0,0.0,0.0,                  0
2506 - 太設,不適用,114年 上半年,董事會決議,0.0,0.0,0.0,                  0,0.0,0.0,0.0,                  0
2528 - 皇普,不適用,114年 上半年,董事會決議,0.0,0.0,0.0,                  0,0.0,0.0,0.0,                  0
2528 - 皇普,不適用,114年 上半年,董事會決議,0.0,0.0,0.0,                  0,0.0,0.0,0.0,                  0
2528 - 皇普,不適用,114年 上半年,董事會決議,0.0,0.0,0.0,                  0,0.0,0.0,0.0,                  0
2528 - 皇普,不適用,114年 上半年,董事會決議,0.0,0.0,0.0,                  0,0.0,0.0,0.0,                  0
2530 - 華建,不適用,114年 第2季,董事會決議,1.10000000,0.0,0.0,"        923,986,800",0.0,0.0,0.0,                  0
2530 - 華建,不適用,114年 第2季,董事會決議,1.10000000,0.0,0.0,"        923,986,800",0.0,0.0,0.0,                  0
2530 - 華建,不適用,114年 第2季,董事會決議,1.10000000,0.0,0.0,"        923,986,800",0.0,0.0,0.0,                  0
2530 - 華建,不適用,114年 第1季,董事會決議,0.0,0.0,0.0,                  0,0.0,0.0,0.0,                  0
2530 - 華建,不適用,114年 第1季,董事會決議,0.0,0.0,0.0,                  0,0.0,0.0,0.0,                  0
2530 - 華建,不適用,114年 第1季,董事會決議,0.0,0.0,0.0,                  0,0.0,0.0,0.0,                  0
2530 - 華建,不適用,114年 第1季,董事會決議,0.0,0.0,0.0,                  0,0.0,0.0,0.0,                  0
2530 - 華建,不適用,114年 第2季,董事會決議,1.10000000,0.0,0.0,"        923,986,800",0.0,0.0,0.0,                  0
2543 - 皇昌,不適用,114年 上半年,董事會決議,0.50000000,0.0,0.0,"        266,191,980",0.0,0.0,0.0,                  0
2543 - 皇昌,不適用,114年 上半年,董事會決議,0.50000000,0.0,0.0,"        266,191,980",0.0,0.0,0.0,                  0
2543 - 皇昌,不適用,114年 上半年,董事會決議,0.50000000,0.0,0.0,"        266,191,980",0.0,0.0,0.0,                  0
2543 - 皇昌,不適用,114年 上半年,董事會決議,0.50000000,0.0,0.0,"        266,191,980",0.0,0.0,0.0,                  0
2636 - 台驊控股,不適用,114年 上半年,董事會決議,0.0,0.0,0.0,                  0,0.0,0.0,0.0,                  0
2636 - 台驊控股,不適用,114年 上半年,董事會決議,0.0,0.0,0.0,                  0,0.0,0.0,0.0,                  0
2636 - 台驊控股,不適用,114年 上半年,董事會決議,0.0,0.0,0.0,                  0,0.0,0.0,0.0,                  0
2636 - 台驊控股,不適用,114年 上半年,董事會決議,0.0,0.0,0.0,                  0,0.0,0.0,0.0,                  0
2707 - 晶華,不適用,114年 第2季,董事會決議,0.0,0.0,0.0,                  0,0.0,0.0,0.0,                  0
2707 - 晶華,不適用,114年 第1季,董事會決議,0.0,0.0,0.0,                  0,0.0,0.0,0.0,                  0
2707 - 晶華,不適用,114年 第1季,董事會決議,0.0,0.0,0.0,                  0,0.0,0.0,0.0,                  0
2707 - 晶華,不適用,114年 第2季,董事會決議,0.0,0.0,0.0,                  0,0.0,0.0,0.0,                  0
2707 - 晶華,不適用,114年 第2季,董事會決議,0.0,0.0,0.0,                  0,0.0,0.0,0.0,                  0
2707 - 晶華,不適用,114年 第2季,董事會決議,0.0,0.0,0.0,                  0,0.0,0.0,0.0,                  0
2707 - 晶華,不適用,114年 第1季,董事會決議,0.0,0.0,0.0,                  0,0.0,0.0,0.0,                  0
2707 - 晶華,不適用,114年 第1季,董事會決議,0.0,0.0,0.0,                  0,0.0,0.0,0.0,                  0
2718 - 全心投控,不適用,114年 第2季,董事會決議,1.50000000,0.0,0.0,"        130,795,500",0.0,0.0,0.0,                  0
2718 - 全心投控,不適用,114年 第2季,董事會決議,1.50000000,0.0,0.0,"        130,795,500",0.0,0.0,0.0,                  0
2718 - 全心投控,不適用,114年 第2季,董事會決議,1.50000000,0.0,0.0,"        130,795,500",0.0,0.0,0.0,                  0
2718 - 全心投控,不適用,114年 第2季,董事會決議,1.50000000,0.0,0.0,"        130,795,500",0.0,0.0,0.0,                  0
2732 - 六角,不適用,114年 第1季,董事會決議,0.0,0.0,0.0,                  0,0.0,0.0,0.0,                  0
2732 - 六角,不適用,114年 第2季,董事會決議,0.0,0.0,1.50000000,"         67,043,355",0.0,0.0,0.0,                  0
2732 - 六角,不適用,114年 第1季,董事會決議,0.0,0.0,0.0,                  0,0.0,0.0,0.0,                  0
2732 - 六角,不適用,114年 第2季,董事會決議,0.0,0.0,1.50000000,"         67,043,355",0.0,0.0,0.0,                  0
2732 - 六角,不適用,114年 第1季,董事會決議,0.0,0.0,0.0,                  0,0.0,0.0,0.0,                  0
2732 - 六角,不適用,114年 第2季,董事會決議,0.0,0.0,1.50000000,"         67,043,355",0.0,0.0,0.0,                  0
2732 - 六角,不適用,114年 第1季,董事會決議,0.0,0.0,0.0,                  0,0.0,0.0,0.0,                  0
2732 - 六角,不適用,114年 第2季,董事會決議,0.0,0.0,1.50000000,"         67,043,355",0.0,0.0,0.0,                  0
2751 - 王座,不適用,114年 上半年,董事會決議,1.50000000,0.0,0.0,"         29,427,000",0.0,0.0,0.0,                  0
2751 - 王座,不適用,114年 上半年,董事會決議,1.50000000,0.0,0.0,"         29,427,000",0.0,0.0,0.0,                  0
2751 - 王座,不適用,114年 上半年,董事會決議,1.50000000,0.0,0.0,"         29,427,000",0.0,0.0,0.0,                  0
2751 - 王座,不適用,114年 上半年,董事會決議,1.50000000,0.0,0.0,"         29,427,000",0.0,0.0,0.0,                  0
2753 - 八方雲集,不適用,114年 上半年,董事會決議,4.00000000,0.0,0.0,"        266,579,184",0.0,0.0,0.0,                  0
2753 - 八方雲集,不適用,114年 上半年,董事會決議,4.00000000,0.0,0.0,"        266,579,184",0.0,0.0,0.0,                  0
2753 - 八方雲集,不適用,114年 上半年,董事會決議,4.00000000,0.0,0.0,"        266,579,184",0.0,0.0,0.0,                  0
2753 - 八方雲集,不適用,114年 上半年,董事會決議,4.00000000,0.0,0.0,"        266,579,184",0.0,0.0,0.0,                  0
2756 - 聯發國際,不適用,114年 第2季,董事會決議,1.30000000,0.0,0.0,"         31,865,059",0.0,0.0,0.0,                  0
2756 - 聯發國際,不適用,114年 第2季,董事會決議,1.30000000,0.0,0.0,"         31,865,059",0.0,0.0,0.0,                  0
2756 - 聯發國際,不適用,114年 第2季,董事會決議,1.30000000,0.0,0.0,"         31,865,059",0.0,0.0,0.0,                  0
2756 - 聯發國際,不適用,114年 第2季,董事會決議,1.30000000,0.0,0.0,"         31,865,059",0.0,0.0,0.0,                  0
2762 - 世界健身-KY,不適用,114年 第1季,董事會決議,0.0,0.0,0.0,                  0,0.0,0.0,0.0,                  0
2762 - 世界健身-KY,不適用,114年 第1季,董事會決議,0.0,0.0,0.0,                  0,0.0,0.0,0.0,                  0
2762 - 世界健身-KY,不適用,114年 第2季,董事會決議,0.90739553,0.0,0.0,"         99,107,555",0.0,0.0,0.0,                  0
2762 - 世界健身-KY,不適用,114年 第2季,董事會決議,0.90739553,0.0,0.0,"         99,107,555",0.0,0.0,0.0,                  0
2762 - 世界健身-KY,不適用,114年 第1季,董事會決議,0.0,0.0,0.0,                  0,0.0,0.0,0.0,                  0
2762 - 世界健身-KY,不適用,114年 第2季,董事會決議,0.90739553,0.0,0.0,"         99,107,555",0.0,0.0,0.0,                  0
2762 - 世界健身-KY,不適用,114年 第2季,董事會決議,0.90739553,0.0,0.0,"         99,107,555",0.0,0.0,0.0,                  0
2762 - 世界健身-KY,不適用,114年 第1季,董事會決議,0.0,0.0,0.0,                  0,0.0,0.0,0.0,                  0
2939 - 永邑-KY,不適用,114年 上半年,董事會決議,0.0,0.0,0.0,                  0,0.0,0.0,0.0,                  0
2939 - 永邑-KY,不適用,114年 上半年,董事會決議,0.0,0.0,0.0,                  0,0.0,0.0,0.0,                  0
2939 - 永邑-KY,不適用,114年 上半年,董事會決議,0.0,0.0,0.0,                  0,0.0,0.0,0.0,                  0
2939 - 永邑-KY,不適用,114年 上半年,董事會決議,0.0,0.0,0.0,                  0,0.0,0.0,0.0,                  0
2947 - 振宇五金,不適用,114年 上半年,董事會決議,1.00000000,0.0,0.0,"         21,487,460",0.0,0.0,0.0,                  0
2947 - 振宇五金,不適用,114年 上半年,董事會決議,1.00000000,0.0,0.0,"         21,487,460",0.0,0.0,0.0,                  0
2947 - 振宇五金,不適用,114年 上半年,董事會決議,1.00000000,0.0,0.0,"         21,487,460",0.0,0.0,0.0,                  0
2947 - 振宇五金,不適用,114年 上半年,董事會決議,1.00000000,0.0,0.0,"         21,487,460",0.0,0.0,0.0,                  0
3008 - 大立光,不適用,114年 上半年,董事會決議,28.00000000,0.0,0.0,"      3,737,109,516",0.0,0.0,0.0,                  0
3008 - 大立光,不適用,114年 上半年,董事會決議,28.00000000,0.0,0.0,"      3,737,109,516",0.0,0.0,0.0,                  0
3008 - 大立光,不適用,114年 上半年,董事會決議,28.00000000,0.0,0.0,"      3,737,109,516",0.0,0.0,0.0,                  0
3008 - 大立光,不適用,114年 上半年,董事會決議,28.00000000,0.0,0.0,"      3,737,109,516",0.0,0.0,0.0,                  0
3041 - 揚智,不適用,114年 第1季,董事會決議,0.0,0.0,0.0,                  0,0.0,0.0,0.0,                  0
3041 - 揚智,不適用,114年 第1季,董事會決議,0.0,0.0,0.0,                  0,0.0,0.0,0.0,                  0
3041 - 揚智,不適用,114年 第1季,董事會決議,0.0,0.0,0.0,                  0,0.0,0.0,0.0,                  0
3041 - 揚智,不適用,114年 第1季,董事會決議,0.0,0.0,0.0,                  0,0.0,0.0,0.0,                  0
3042 - 晶技,不適用,114年 上半年,董事會決議,0.0,0.0,0.0,                  0,0.0,0.0,0.0,                  0
3042 - 晶技,不適用,114年 上半年,董事會決議,0.0,0.0,0.0,                  0,0.0,0.0,0.0,                  0
3042 - 晶技,不適用,114年 上半年,董事會決議,0.0,0.0,0.0,                  0,0.0,0.0,0.0,                  0
3042 - 晶技,不適用,114年 上半年,董事會決議,0.0,0.0,0.0,                  0,0.0,0.0,0.0,                  0
3049 - 精金,不適用,114年 上半年,董事會決議,0.0,0.0,0.0,                  0,0.0,0.0,0.0,                  0
3049 - 精金,不適用,114年 上半年,董事會決議,0.0,0.0,0.0,                  0,0.0,0.0,0.0,                  0
3049 - 精金,不適用,114年 上半年,董事會決議,0.0,0.0,0.0,                  0,0.0,0.0,0.0,                  0
3049 - 精金,不適用,114年 上半年,董事會決議,0.0,0.0,0.0,                  0,0.0,0.0,0.0,                  0
3054 - 立萬利,不適用,114年 上半年,董事會決議,0.0,0.0,0.0,                  0,0.0,0.0,0.0,                  0
3054 - 立萬利,不適用,114年 上半年,董事會決議,0.0,0.0,0.0,                  0,0.0,0.0,0.0,                  0
3054 - 立萬利,不適用,114年 上半年,董事會決議,0.0,0.0,0.0,                  0,0.0,0.0,0.0,                  0
3054 - 立萬利,不適用,114年 上半年,董事會決議,0.0,0.0,0.0,                  0,0.0,0.0,0.0,                  0
3149 - 正達,不適用,114年 上半年,董事會決議,0.0,0.0,0.0,                  0,0.0,0.0,0.0,                  0
3149 - 正達,不適用,114年 上半年,董事會決議,0.0,0.0,0.0,                  0,0.0,0.0,0.0,                  0
3149 - 正達,不適用,114年 上半年,董事會決議,0.0,0.0,0.0,                  0,0.0,0.0,0.0,                  0
3149 - 正達,不適用,114年 上半年,董事會決議,0.0,0.0,0.0,                  0,0.0,0.0,0.0,                  0
3260 - 威剛,不適用,114年 上半年,董事會決議,0.0,0.0,0.0,                  0,0.0,0.0,0.0,                  0
3260 - 威剛,不適用,114年 上半年,董事會決議,0.0,0.0,0.0,                  0,0.0,0.0,0.0,                  0
3260 - 威剛,不適用,114年 上半年,董事會決議,0.0,0.0,0.0,                  0,0.0,0.0,0.0,                  0
3260 - 威剛,不適用,114年 上半年,董事會決議,0.0,0.0,0.0,                  0,0.0,0.0,0.0,                  0
3289 - 宜特,不適用,114年 第2季,董事會決議,1.20000000,0.0,0.0,"         89,183,545",0.0,0.0,0.0,                  0
3289 - 宜特,不適用,114年 第2季,董事會決議,1.20000000,0.0,0.0,"         89,183,545",0.0,0.0,0.0,                  0
3289 - 宜特,不適用,114年 第1季,董事會決議,1.20000000,0.0,0.0,"         89,325,805",0.0,0.0,0.0,                  0
3289 - 宜特,不適用,114年 第2季,董事會決議,1.20000000,0.0,0.0,"         89,183,545",0.0,0.0,0.0,                  0
3289 - 宜特,不適用,114年 第1季,董事會決議,1.20000000,0.0,0.0,"         89,325,805",0.0,0.0,0.0,                  0
3289 - 宜特,不適用,114年 第2季,董事會決議,1.20000000,0.0,0.0,"         89,183,545",0.0,0.0,0.0,                  0
3289 - 宜特,不適用,114年 第1季,董事會決議,1.20000000,0.0,0.0,"         89,325,805",0.0,0.0,0.0,                  0
3289 - 宜特,不適用,114年 第1季,董事會決議,1.20000000,0.0,0.0,"         89,325,805",0.0,0.0,0.0,                  0
3406 - 玉晶光,不適用,114年 上半年,董事會決議,0.0,0.0,0.0,                  0,0.0,0.0,0.0,                  0
3406 - 玉晶光,不適用,114年 上半年,董事會決議,0.0,0.0,0.0,                  0,0.0,0.0,0.0,                  0
3406 - 玉晶光,不適用,114年 上半年,董事會決議,0.0,0.0,0.0,                  0,0.0,0.0,0.0,                  0
3406 - 玉晶光,不適用,114年 上半年,董事會決議,0.0,0.0,0.0,                  0,0.0,0.0,0.0,                  0
3465 - 進泰電子,不適用,114年 第1季,董事會決議,0.0,0.0,0.0,                  0,0.0,0.0,0.0,                  0
3465 - 進泰電子,不適用,114年 第1季,董事會決議,0.0,0.0,0.0,                  0,0.0,0.0,0.0,                  0
3465 - 進泰電子,不適用,114年 第1季,董事會決議,0.0,0.0,0.0,                  0,0.0,0.0,0.0,                  0
3465 - 進泰電子,不適用,114年 第2季,董事會決議,0.0,0.0,0.0,                  0,0.0,0.0,0.0,                  0
3465 - 進泰電子,不適用,114年 第2季,董事會決議,0.0,0.0,0.0,                  0,0.0,0.0,0.0,                  0
3465 - 進泰電子,不適用,114年 第1季,董事會決議,0.0,0.0,0.0,                  0,0.0,0.0,0.0,                  0
3465 - 進泰電子,不適用,114年 第2季,董事會決議,0.0,0.0,0.0,                  0,0.0,0.0,0.0,                  0
3465 - 進泰電子,不適用,114年 第2季,董事會決議,0.0,0.0,0.0,                  0,0.0,0.0,0.0,                  0
3555 - 博士旺,不適用,114年 上半年,董事會決議,0.0,0.0,0.0,                  0,0.0,0.0,0.0,                  0
3555 - 博士旺,不適用,114年 上半年,董事會決議,0.0,0.0,0.0,                  0,0.0,0.0,0.0,                  0
3555 - 博士旺,不適用,114年 上半年,董事會決議,0.0,0.0,0.0,                  0,0.0,0.0,0.0,                  0
3555 - 博士旺,不適用,114年 上半年,董事會決議,0.0,0.0,0.0,                  0,0.0,0.0,0.0,                  0
3563 - 牧德,114/09/16,114年 上半年,現金股利經董事會決議、增資配股經董事會擬議,1.00000000,0.0,0.0,"         58,146,234",1.00000000,0.0,0.0,"          5,814,624"
3563 - 牧德,114/09/16,114年 上半年,現金股利經董事會決議、增資配股經董事會擬議,1.00000000,0.0,0.0,"         58,146,234",1.00000000,0.0,0.0,"          5,814,624"
3563 - 牧德,114/09/16,114年 上半年,現金股利經董事會決議、增資配股經董事會擬議,1.00000000,0.0,0.0,"         58,146,234",1.00000000,0.0,0.0,"          5,814,624"
3563 - 牧德,114/09/16,114年 上半年,現金股利經董事會決議、增資配股經董事會擬議,1.00000000,0.0,0.0,"         58,146,234",1.00000000,0.0,0.0,"          5,814,624"
3617 - 碩天,不適用,114年 上半年,董事會決議,0.0,0.0,0.0,                  0,0.0,0.0,0.0,                  0
3617 - 碩天,不適用,114年 上半年,董事會決議,0.0,0.0,0.0,                  0,0.0,0.0,0.0,                  0
3617 - 碩天,不適用,114年 上半年,董事會決議,0.0,0.0,0.0,                  0,0.0,0.0,0.0,                  0
3617 - 碩天,不適用,114年 上半年,董事會決議,0.0,0.0,0.0,                  0,0.0,0.0,0.0,                  0
3629 - 地心引力,不適用,114年 第2季,董事會決議,0.0,0.0,0.0,                  0,0.0,0.0,0.0,                  0
3629 - 地心引力,不適用,114年 第1季,董事會決議,0.0,0.0,0.0,                  0,0.0,0.0,0.0,                  0
3629 - 地心引力,不適用,114年 第2季,董事會決議,0.0,0.0,0.0,                  0,0.0,0.0,0.0,                  0
3629 - 地心引力,不適用,114年 第1季,董事會決議,0.0,0.0,0.0,                  0,0.0,0.0,0.0,                  0
3629 - 地心引力,不適用,114年 第1季,董事會決議,0.0,0.0,0.0,                  0,0.0,0.0,0.0,                  0
3629 - 地心引力,不適用,114年 第2季,董事會決議,0.0,0.0,0.0,                  0,0.0,0.0,0.0,                  0
3629 - 地心引力,不適用,114年 第1季,董事會決議,0.0,0.0,0.0,                  0,0.0,0.0,0.0,                  0
3629 - 地心引力,不適用,114年 第2季,董事會決議,0.0,0.0,0.0,                  0,0.0,0.0,0.0,                  0
4137 - 麗豐-KY,不適用,114年 第2季,董事會決議,0.0,0.0,0.0,                  0,0.0,0.0,0.0,                  0
4137 - 麗豐-KY,不適用,114年 第2季,董事會決議,0.0,0.0,0.0,                  0,0.0,0.0,0.0,                  0
4137 - 麗豐-KY,不適用,114年 第2季,董事會決議,0.0,0.0,0.0,                  0,0.0,0.0,0.0,                  0
4137 - 麗豐-KY,不適用,114年 第2季,董事會決議,0.0,0.0,0.0,                  0,0.0,0.0,0.0,                  0
4148 - 全宇生技-KY,不適用,114年 上半年,董事會決議,0.0,0.0,0.0,                  0,0.0,0.0,0.0,                  0
4148 - 全宇生技-KY,不適用,114年 上半年,董事會決議,0.0,0.0,0.0,                  0,0.0,0.0,0.0,                  0
4148 - 全宇生技-KY,不適用,114年 上半年,董事會決議,0.0,0.0,0.0,                  0,0.0,0.0,0.0,                  0
4148 - 全宇生技-KY,不適用,114年 上半年,董事會決議,0.0,0.0,0.0,                  0,0.0,0.0,0.0,                  0
4420 - 光明,不適用,114年 上半年,董事會決議,0.0,0.0,0.0,                  0,0.0,0.0,0.0,                  0
4420 - 光明,不適用,114年 上半年,董事會決議,0.0,0.0,0.0,                  0,0.0,0.0,0.0,                  0
4420 - 光明,不適用,114年 上半年,董事會決議,0.0,0.0,0.0,                  0,0.0,0.0,0.0,                  0
4420 - 光明,不適用,114年 上半年,董事會決議,0.0,0.0,0.0,                  0,0.0,0.0,0.0,                  0
4536 - 拓凱,不適用,114年 上半年,董事會決議,0.0,0.0,0.0,                  0,0.0,0.0,0.0,                  0
4536 - 拓凱,不適用,114年 上半年,董事會決議,0.0,0.0,0.0,                  0,0.0,0.0,0.0,                  0
4536 - 拓凱,不適用,114年 上半年,董事會決議,0.0,0.0,0.0,                  0,0.0,0.0,0.0,                  0
4536 - 拓凱,不適用,114年 上半年,董事會決議,0.0,0.0,0.0,                  0,0.0,0.0,0.0,                  0
4714 - 永捷,不適用,114年 上半年,董事會決議,0.0,0.0,0.0,                  0,0.0,0.0,0.0,                  0
4714 - 永捷,不適用,114年 上半年,董事會決議,0.0,0.0,0.0,                  0,0.0,0.0,0.0,                  0
4714 - 永捷,不適用,114年 上半年,董事會決議,0.0,0.0,0.0,                  0,0.0,0.0,0.0,                  0
4714 - 永捷,不適用,114年 上半年,董事會決議,0.0,0.0,0.0,                  0,0.0,0.0,0.0,                  0
4735 - 豪展,不適用,114年 第1季,董事會決議,0.40000000,0.0,0.0,"         15,761,103",0.0,0.0,0.0,                  0
4735 - 豪展,不適用,114年 第2季,董事會決議,0.40000000,0.0,0.0,"         15,402,303",0.0,0.0,0.0,                  0
4735 - 豪展,不適用,114年 第1季,董事會決議,0.40000000,0.0,0.0,"         15,761,103",0.0,0.0,0.0,                  0
4735 - 豪展,不適用,114年 第2季,董事會決議,0.40000000,0.0,0.0,"         15,402,303",0.0,0.0,0.0,                  0
4735 - 豪展,不適用,114年 第2季,董事會決議,0.40000000,0.0,0.0,"         15,402,303",0.0,0.0,0.0,                  0
4735 - 豪展,不適用,114年 第2季,董事會決議,0.40000000,0.0,0.0,"         15,402,303",0.0,0.0,0.0,                  0
4735 - 豪展,不適用,114年 第1季,董事會決議,0.40000000,0.0,0.0,"         15,761,103",0.0,0.0,0.0,                  0
4735 - 豪展,不適用,114年 第1季,董事會決議,0.40000000,0.0,0.0,"         15,761,103",0.0,0.0,0.0,                  0
4755 - 三福化,不適用,114年 第2季,董事會決議,0.0,0.0,0.0,                  0,0.0,0.0,0.0,                  0
4755 - 三福化,不適用,114年 第1季,董事會決議,0.0,0.0,0.0,                  0,0.0,0.0,0.0,                  0
4755 - 三福化,不適用,114年 第1季,董事會決議,0.0,0.0,0.0,                  0,0.0,0.0,0.0,                  0
4755 - 三福化,不適用,114年 第2季,董事會決議,0.0,0.0,0.0,                  0,0.0,0.0,0.0,                  0
4755 - 三福化,不適用,114年 第1季,董事會決議,0.0,0.0,0.0,                  0,0.0,0.0,0.0,                  0
4755 - 三福化,不適用,114年 第2季,董事會決議,0.0,0.0,0.0,                  0,0.0,0.0,0.0,                  0
4755 - 三福化,不適用,114年 第1季,董事會決議,0.0,0.0,0.0,                  0,0.0,0.0,0.0,                  0
4755 - 三福化,不適用,114年 第2季,董事會決議,0.0,0.0,0.0,                  0,0.0,0.0,0.0,                  0
4764 - 雙鍵,不適用,114年 上半年,董事會決議,0.0,0.0,0.0,                  0,0.0,0.0,0.0,                  0
4764 - 雙鍵,不適用,114年 上半年,董事會決議,0.0,0.0,0.0,                  0,0.0,0.0,0.0,                  0
4764 - 雙鍵,不適用,114年 上半年,董事會決議,0.0,0.0,0.0,                  0,0.0,0.0,0.0,                  0
4764 - 雙鍵,不適用,114年 上半年,董事會決議,0.0,0.0,0.0,                  0,0.0,0.0,0.0,                  0
4766 - 南寶,不適用,114年 第2季,董事會決議,0.0,0.0,0.0,                  0,0.0,0.0,0.0,                  0
4766 - 南寶,不適用,114年 第2季,董事會決議,0.0,0.0,0.0,                  0,0.0,0.0,0.0,                  0
4766 - 南寶,不適用,114年 第1季,董事會決議,0.0,0.0,0.0,                  0,0.0,0.0,0.0,                  0
4766 - 南寶,不適用,114年 第1季,董事會決議,0.0,0.0,0.0,                  0,0.0,0.0,0.0,                  0
4766 - 南寶,不適用,114年 第1季,董事會決議,0.0,0.0,0.0,                  0,0.0,0.0,0.0,                  0
4766 - 南寶,不適用,114年 第2季,董事會決議,0.0,0.0,0.0,                  0,0.0,0.0,0.0,                  0
4766 - 南寶,不適用,114年 第1季,董事會決議,0.0,0.0,0.0,                  0,0.0,0.0,0.0,                  0
4766 - 南寶,不適用,114年 第2季,董事會決議,0.0,0.0,0.0,                  0,0.0,0.0,0.0,                  0
4912 - 聯德控股-KY,不適用,114年 第1季,董事會決議,0.45000000,0.0,0.0,"         27,987,043",0.0,0.0,0.0,                  0
4912 - 聯德控股-KY,不適用,114年 第1季,董事會決議,0.45000000,0.0,0.0,"         27,987,043",0.0,0.0,0.0,                  0
4912 - 聯德控股-KY,不適用,114年 第2季,董事會決議,0.17700000,0.0,0.0,"         11,558,649",0.0,0.0,0.0,                  0
4912 - 聯德控股-KY,不適用,114年 第1季,董事會決議,0.45000000,0.0,0.0,"         27,987,043",0.0,0.0,0.0,                  0
4912 - 聯德控股-KY,不適用,114年 第2季,董事會決議,0.17700000,0.0,0.0,"         11,558,649",0.0,0.0,0.0,                  0
4912 - 聯德控股-KY,不適用,114年 第1季,董事會決議,0.45000000,0.0,0.0,"         27,987,043",0.0,0.0,0.0,                  0
4912 - 聯德控股-KY,不適用,114年 第2季,董事會決議,0.17700000,0.0,0.0,"         11,558,649",0.0,0.0,0.0,                  0
4912 - 聯德控股-KY,不適用,114年 第2季,董事會決議,0.17700000,0.0,0.0,"         11,558,649",0.0,0.0,0.0,                  0
4923 - 力士,不適用,114年 上半年,董事會決議,0.0,0.0,0.0,                  0,0.0,0.0,0.0,                  0
4923 - 力士,不適用,114年 上半年,董事會決議,0.0,0.0,0.0,                  0,0.0,0.0,0.0,                  0
4923 - 力士,不適用,114年 上半年,董事會決議,0.0,0.0,0.0,                  0,0.0,0.0,0.0,                  0
4923 - 力士,不適用,114年 上半年,董事會決議,0.0,0.0,0.0,                  0,0.0,0.0,0.0,                  0
4960 - 誠美材,不適用,114年 上半年,董事會決議,0.0,0.0,0.0,                  0,0.0,0.0,0.0,                  0
4960 - 誠美材,不適用,114年 上半年,董事會決議,0.0,0.0,0.0,                  0,0.0,0.0,0.0,                  0
4960 - 誠美材,不適用,114年 上半年,董事會決議,0.0,0.0,0.0,                  0,0.0,0.0,0.0,                  0
4960 - 誠美材,不適用,114年 上半年,董事會決議,0.0,0.0,0.0,                  0,0.0,0.0,0.0,                  0
4989 - 榮科,不適用,114年 第1季,董事會決議,0.0,0.0,0.0,                  0,0.0,0.0,0.0,                  0
4989 - 榮科,不適用,114年 第2季,董事會決議,0.0,0.0,0.0,                  0,0.0,0.0,0.0,                  0
4989 - 榮科,不適用,114年 第1季,董事會決議,0.0,0.0,0.0,                  0,0.0,0.0,0.0,                  0
4989 - 榮科,不適用,114年 第2季,董事會決議,0.0,0.0,0.0,                  0,0.0,0.0,0.0,                  0
4989 - 榮科,不適用,114年 第2季,董事會決議,0.0,0.0,0.0,                  0,0.0,0.0,0.0,                  0
4989 - 榮科,不適用,114年 第1季,董事會決議,0.0,0.0,0.0,                  0,0.0,0.0,0.0,                  0
4989 - 榮科,不適用,114年 第2季,董事會決議,0.0,0.0,0.0,                  0,0.0,0.0,0.0,                  0
4989 - 榮科,不適用,114年 第1季,董事會決議,0.0,0.0,0.0,                  0,0.0,0.0,0.0,                  0
5009 - 榮剛,不適用,114年 第1季,董事會決議,0.0,0.0,0.0,                  0,0.0,0.0,0.0,                  0
5009 - 榮剛,不適用,114年 第1季,董事會決議,0.0,0.0,0.0,                  0,0.0,0.0,0.0,                  0
5009 - 榮剛,不適用,114年 第2季,董事會決議,0.0,0.0,0.0,                  0,0.0,0.0,0.0,                  0
5009 - 榮剛,不適用,114年 第2季,董事會決議,0.0,0.0,0.0,                  0,0.0,0.0,0.0,                  0
5009 - 榮剛,不適用,114年 第2季,董事會決議,0.0,0.0,0.0,                  0,0.0,0.0,0.0,                  0
5009 - 榮剛,不適用,114年 第1季,董事會決議,0.0,0.0,0.0,                  0,0.0,0.0,0.0,                  0
5009 - 榮剛,不適用,114年 第2季,董事會決議,0.0,0.0,0.0,                  0,0.0,0.0,0.0,                  0
5009 - 榮剛,不適用,114年 第1季,董事會決議,0.0,0.0,0.0,                  0,0.0,0.0,0.0,                  0
5278 - 尚凡*,不適用,114年 第1季,董事會決議,0.0,0.0,0.16666667,"         50,000,000",0.0,0.0,0.0,                  0
5278 - 尚凡*,不適用,114年 第1季,董事會決議,0.0,0.0,0.16666667,"         50,000,000",0.0,0.0,0.0,                  0
5278 - 尚凡*,不適用,114年 第2季,董事會決議,0.06866716,0.0,0.09799950,"         50,000,000",0.0,0.0,0.0,                  0
5278 - 尚凡*,不適用,114年 第2季,董事會決議,0.06866716,0.0,0.09799950,"         50,000,000",0.0,0.0,0.0,                  0
5278 - 尚凡*,不適用,114年 第2季,董事會決議,0.06866716,0.0,0.09799950,"         50,000,000",0.0,0.0,0.0,                  0
5278 - 尚凡*,不適用,114年 第2季,董事會決議,0.06866716,0.0,0.09799950,"         50,000,000",0.0,0.0,0.0,                  0
5278 - 尚凡*,不適用,114年 第1季,董事會決議,0.0,0.0,0.16666667,"         50,000,000",0.0,0.0,0.0,                  0
5278 - 尚凡*,不適用,114年 第1季,董事會決議,0.0,0.0,0.16666667,"         50,000,000",0.0,0.0,0.0,                  0
5284 - jpp-KY,不適用,114年 上半年,董事會決議,0.0,0.0,0.0,                  0,0.0,0.0,0.0,                  0
5284 - jpp-KY,不適用,114年 上半年,董事會決議,0.0,0.0,0.0,                  0,0.0,0.0,0.0,                  0
5284 - jpp-KY,不適用,114年 上半年,董事會決議,0.0,0.0,0.0,                  0,0.0,0.0,0.0,                  0
5284 - jpp-KY,不適用,114年 上半年,董事會決議,0.0,0.0,0.0,                  0,0.0,0.0,0.0,                  0
5287 - 數字,不適用,114年 上半年,董事會決議,5.00000000,0.0,0.0,"        301,560,250",0.0,0.0,0.0,                  0
5287 - 數字,不適用,114年 上半年,董事會決議,5.00000000,0.0,0.0,"        301,560,250",0.0,0.0,0.0,                  0
5287 - 數字,不適用,114年 上半年,董事會決議,5.00000000,0.0,0.0,"        301,560,250",0.0,0.0,0.0,                  0
5287 - 數字,不適用,114年 上半年,董事會決議,5.00000000,0.0,0.0,"        301,560,250",0.0,0.0,0.0,                  0
5288 - 豐祥-KY,不適用,114年 上半年,董事會決議,0.0,0.0,0.0,                  0,0.0,0.0,0.0,                  0
5288 - 豐祥-KY,不適用,114年 上半年,董事會決議,0.0,0.0,0.0,                  0,0.0,0.0,0.0,                  0
5288 - 豐祥-KY,不適用,114年 上半年,董事會決議,0.0,0.0,0.0,                  0,0.0,0.0,0.0,                  0
5288 - 豐祥-KY,不適用,114年 上半年,董事會決議,0.0,0.0,0.0,                  0,0.0,0.0,0.0,                  0
5306 - 桂盟,不適用,114年 第2季,董事會決議,0.86182011,0.0,0.0,"        108,590,000",0.0,0.0,0.0,                  0
5306 - 桂盟,不適用,114年 第2季,董事會決議,0.86182011,0.0,0.0,"        108,590,000",0.0,0.0,0.0,                  0
5306 - 桂盟,不適用,114年 第1季,董事會決議,1.01489060,0.0,0.0,"        127,877,000",0.0,0.0,0.0,                  0
5306 - 桂盟,不適用,114年 第2季,董事會決議,0.86182011,0.0,0.0,"        108,590,000",0.0,0.0,0.0,                  0
5306 - 桂盟,不適用,114年 第1季,董事會決議,1.01489060,0.0,0.0,"        127,877,000",0.0,0.0,0.0,                  0
5306 - 桂盟,不適用,114年 第2季,董事會決議,0.86182011,0.0,0.0,"        108,590,000",0.0,0.0,0.0,                  0
5306 - 桂盟,不適用,114年 第1季,董事會決議,1.01489060,0.0,0.0,"        127,877,000",0.0,0.0,0.0,                  0
5306 - 桂盟,不適用,114年 第1季,董事會決議,1.01489060,0.0,0.0,"        127,877,000",0.0,0.0,0.0,                  0
5432 - 新門,不適用,114年 上半年,董事會決議,0.0,0.0,0.0,                  0,0.0,0.0,0.0,                  0
5432 - 新門,不適用,114年 上半年,董事會決議,0.0,0.0,0.0,                  0,0.0,0.0,0.0,                  0
5432 - 新門,不適用,114年 上半年,董事會決議,0.0,0.0,0.0,                  0,0.0,0.0,0.0,                  0
5432 - 新門,不適用,114年 上半年,董事會決議,0.0,0.0,0.0,                  0,0.0,0.0,0.0,                  0
5438 - 東友,不適用,114年 上半年,董事會決議,0.0,0.0,0.0,                  0,0.0,0.0,0.0,                  0
5438 - 東友,不適用,114年 上半年,董事會決議,0.0,0.0,0.0,                  0,0.0,0.0,0.0,                  0
5438 - 東友,不適用,114年 上半年,董事會決議,0.0,0.0,0.0,                  0,0.0,0.0,0.0,                  0
5438 - 東友,不適用,114年 上半年,董事會決議,0.0,0.0,0.0,                  0,0.0,0.0,0.0,                  0
5478 - 智冠,不適用,114年 第2季,董事會決議,0.0,0.0,0.0,                  0,0.0,0.0,0.0,                  0
5478 - 智冠,不適用,114年 第1季,董事會決議,0.0,0.0,0.0,                  0,0.0,0.0,0.0,                  0
5478 - 智冠,不適用,114年 第1季,董事會決議,0.0,0.0,0.0,                  0,0.0,0.0,0.0,                  0
5478 - 智冠,不適用,114年 第1季,董事會決議,0.0,0.0,0.0,                  0,0.0,0.0,0.0,                  0
5478 - 智冠,不適用,114年 第2季,董事會決議,0.0,0.0,0.0,                  0,0.0,0.0,0.0,                  0
5478 - 智冠,不適用,114年 第2季,董事會決議,0.0,0.0,0.0,                  0,0.0,0.0,0.0,                  0
5478 - 智冠,不適用,114年 第2季,董事會決議,0.0,0.0,0.0,                  0,0.0,0.0,0.0,                  0
5478 - 智冠,不適用,114年 第1季,董事會決議,0.0,0.0,0.0,                  0,0.0,0.0,0.0,                  0
5522 - 遠雄,不適用,114年 上半年,董事會決議,0.0,0.0,0.0,                  0,0.0,0.0,0.0,                  0
5522 - 遠雄,不適用,114年 上半年,董事會決議,0.0,0.0,0.0,                  0,0.0,0.0,0.0,                  0
5522 - 遠雄,不適用,114年 上半年,董事會決議,0.0,0.0,0.0,                  0,0.0,0.0,0.0,                  0
5522 - 遠雄,不適用,114年 上半年,董事會決議,0.0,0.0,0.0,                  0,0.0,0.0,0.0,                  0
6021 - 美好證,不適用,114年 上半年,董事會決議,0.0,0.0,0.0,                  0,0.0,0.0,0.0,                  0
6021 - 美好證,不適用,114年 上半年,董事會決議,0.0,0.0,0.0,                  0,0.0,0.0,0.0,                  0
6021 - 美好證,不適用,114年 上半年,董事會決議,0.0,0.0,0.0,                  0,0.0,0.0,0.0,                  0
6021 - 美好證,不適用,114年 上半年,董事會決議,0.0,0.0,0.0,                  0,0.0,0.0,0.0,                  0
6123 - 上奇,不適用,114年 第1季,董事會決議,0.0,0.0,0.0,                  0,0.0,0.0,0.0,                  0
6123 - 上奇,不適用,114年 第1季,董事會決議,0.0,0.0,0.0,                  0,0.0,0.0,0.0,                  0
6123 - 上奇,不適用,114年 第2季,董事會決議,0.50000000,0.0,0.50000000,"         62,089,430",0.0,0.0,0.0,                  0
6123 - 上奇,不適用,114年 第1季,董事會決議,0.0,0.0,0.0,                  0,0.0,0.0,0.0,                  0
6123 - 上奇,不適用,114年 第2季,董事會決議,0.50000000,0.0,0.50000000,"         62,089,430",0.0,0.0,0.0,                  0
6123 - 上奇,不適用,114年 第2季,董事會決議,0.50000000,0.0,0.50000000,"         62,089,430",0.0,0.0,0.0,                  0
6123 - 上奇,不適用,114年 第2季,董事會決議,0.50000000,0.0,0.50000000,"         62,089,430",0.0,0.0,0.0,                  0
6123 - 上奇,不適用,114年 第1季,董事會決議,0.0,0.0,0.0,                  0,0.0,0.0,0.0,                  0
6148 - 驊宏資,不適用,114年 第2季,董事會決議,0.0,0.0,0.0,                  0,0.0,0.0,0.0,                  0
6148 - 驊宏資,不適用,114年 第1季,董事會決議,0.0,0.0,0.0,                  0,0.0,0.0,0.0,                  0
6148 - 驊宏資,不適用,114年 第2季,董事會決議,0.0,0.0,0.0,                  0,0.0,0.0,0.0,                  0
6148 - 驊宏資,不適用,114年 第1季,董事會決議,0.0,0.0,0.0,                  0,0.0,0.0,0.0,                  0
6148 - 驊宏資,不適用,114年 第2季,董事會決議,0.0,0.0,0.0,                  0,0.0,0.0,0.0,                  0
6148 - 驊宏資,不適用,114年 第2季,董事會決議,0.0,0.0,0.0,                  0,0.0,0.0,0.0,                  0
6148 - 驊宏資,不適用,114年 第1季,董事會決議,0.0,0.0,0.0,                  0,0.0,0.0,0.0,                  0
6148 - 驊宏資,不適用,114年 第1季,董事會決議,0.0,0.0,0.0,                  0,0.0,0.0,0.0,                  0
6184 - 大豐電,不適用,114年 上半年,董事會決議,0.0,0.0,0.0,                  0,0.0,0.0,0.0,                  0
6184 - 大豐電,不適用,114年 上半年,董事會決議,0.0,0.0,0.0,                  0,0.0,0.0,0.0,                  0
6184 - 大豐電,不適用,114年 上半年,董事會決議,0.0,0.0,0.0,                  0,0.0,0.0,0.0,                  0
6184 - 大豐電,不適用,114年 上半年,董事會決議,0.0,0.0,0.0,                  0,0.0,0.0,0.0,                  0
6188 - 廣明,不適用,114年 上半年,董事會決議,1.50000000,0.0,0.0,"        417,538,365",0.0,0.0,0.0,                  0
6188 - 廣明,不適用,114年 上半年,董事會決議,1.50000000,0.0,0.0,"        417,538,365",0.0,0.0,0.0,                  0
6188 - 廣明,不適用,114年 上半年,董事會決議,1.50000000,0.0,0.0,"        417,538,365",0.0,0.0,0.0,                  0
6188 - 廣明,不適用,114年 上半年,董事會決議,1.50000000,0.0,0.0,"        417,538,365",0.0,0.0,0.0,                  0
6219 - 富旺,不適用,114年 第2季,董事會決議,0.0,0.0,0.0,                  0,0.0,0.0,0.0,                  0
6219 - 富旺,不適用,114年 第1季,董事會決議,0.0,0.0,0.0,                  0,0.0,0.0,0.0,                  0
6219 - 富旺,不適用,114年 第1季,董事會決議,0.0,0.0,0.0,                  0,0.0,0.0,0.0,                  0
6219 - 富旺,不適用,114年 第2季,董事會決議,0.0,0.0,0.0,                  0,0.0,0.0,0.0,                  0
6219 - 富旺,不適用,114年 第1季,董事會決議,0.0,0.0,0.0,                  0,0.0,0.0,0.0,                  0
6219 - 富旺,不適用,114年 第2季,董事會決議,0.0,0.0,0.0,                  0,0.0,0.0,0.0,                  0
6219 - 富旺,不適用,114年 第2季,董事會決議,0.0,0.0,0.0,                  0,0.0,0.0,0.0,                  0
6219 - 富旺,不適用,114年 第1季,董事會決議,0.0,0.0,0.0,                  0,0.0,0.0,0.0,                  0
6259 - 百徽,不適用,114年 上半年,董事會決議,0.0,0.0,0.0,                  0,0.0,0.0,0.0,                  0
6259 - 百徽,不適用,114年 上半年,董事會決議,0.0,0.0,0.0,                  0,0.0,0.0,0.0,                  0
6259 - 百徽,不適用,114年 上半年,董事會決議,0.0,0.0,0.0,                  0,0.0,0.0,0.0,                  0
6259 - 百徽,不適用,114年 上半年,董事會決議,0.0,0.0,0.0,                  0,0.0,0.0,0.0,                  0
6261 - 久元,不適用,114年 上半年,董事會決議,0.0,0.0,0.0,                  0,0.0,0.0,0.0,                  0
6261 - 久元,不適用,114年 上半年,董事會決議,0.0,0.0,0.0,                  0,0.0,0.0,0.0,                  0
6261 - 久元,不適用,114年 上半年,董事會決議,0.0,0.0,0.0,                  0,0.0,0.0,0.0,                  0
6261 - 久元,不適用,114年 上半年,董事會決議,0.0,0.0,0.0,                  0,0.0,0.0,0.0,                  0
6277 - 宏正,不適用,114年 第2季,董事會決議,1.00000000,0.0,0.0,"        119,471,166",0.0,0.0,0.0,                  0
6277 - 宏正,不適用,114年 第2季,董事會決議,1.00000000,0.0,0.0,"        119,471,166",0.0,0.0,0.0,                  0
6277 - 宏正,不適用,114年 第1季,董事會決議,0.0,0.0,0.0,                  0,0.0,0.0,0.0,                  0
6277 - 宏正,不適用,114年 第1季,董事會決議,0.0,0.0,0.0,                  0,0.0,0.0,0.0,                  0
6277 - 宏正,不適用,114年 第2季,董事會決議,1.00000000,0.0,0.0,"        119,471,166",0.0,0.0,0.0,                  0
6277 - 宏正,不適用,114年 第1季,董事會決議,0.0,0.0,0.0,                  0,0.0,0.0,0.0,                  0
6277 - 宏正,不適用,114年 第2季,董事會決議,1.00000000,0.0,0.0,"        119,471,166",0.0,0.0,0.0,                  0
6277 - 宏正,不適用,114年 第1季,董事會決議,0.0,0.0,0.0,                  0,0.0,0.0,0.0,                  0
6438 - 迅得,不適用,114年 上半年,董事會決議,3.00000000,0.0,0.0,"        246,618,975",0.0,0.0,0.0,                  0
6438 - 迅得,不適用,114年 上半年,董事會決議,3.00000000,0.0,0.0,"        246,618,975",0.0,0.0,0.0,                  0
6438 - 迅得,不適用,114年 上半年,董事會決議,3.00000000,0.0,0.0,"        246,618,975",0.0,0.0,0.0,                  0
6438 - 迅得,不適用,114年 上半年,董事會決議,3.00000000,0.0,0.0,"        246,618,975",0.0,0.0,0.0,                  0
6464 - 台數科,不適用,114年 上半年,董事會決議,0.0,0.0,0.0,                  0,0.0,0.0,0.0,                  0
6464 - 台數科,不適用,114年 上半年,董事會決議,0.0,0.0,0.0,                  0,0.0,0.0,0.0,                  0
6464 - 台數科,不適用,114年 上半年,董事會決議,0.0,0.0,0.0,                  0,0.0,0.0,0.0,                  0
6464 - 台數科,不適用,114年 上半年,董事會決議,0.0,0.0,0.0,                  0,0.0,0.0,0.0,                  0
6472 - 保瑞,不適用,114年 上半年,董事會決議,0.0,0.0,0.0,                  0,0.0,0.0,0.0,                  0
6472 - 保瑞,不適用,114年 上半年,董事會決議,0.0,0.0,0.0,                  0,0.0,0.0,0.0,                  0
6472 - 保瑞,不適用,114年 上半年,董事會決議,0.0,0.0,0.0,                  0,0.0,0.0,0.0,                  0
6472 - 保瑞,不適用,114年 上半年,董事會決議,0.0,0.0,0.0,                  0,0.0,0.0,0.0,                  0
6523 - 達爾膚,不適用,114年 第2季,董事會決議,2.00000000,0.0,0.0,"         90,095,250",0.0,0.0,0.0,                  0
6523 - 達爾膚,不適用,114年 第2季,董事會決議,2.00000000,0.0,0.0,"         90,095,250",0.0,0.0,0.0,                  0
6523 - 達爾膚,不適用,114年 第1季,董事會決議,2.00000000,0.0,0.0,"         90,095,250",0.0,0.0,0.0,                  0
6523 - 達爾膚,不適用,114年 第1季,董事會決議,2.00000000,0.0,0.0,"         90,095,250",0.0,0.0,0.0,                  0
6523 - 達爾膚,不適用,114年 第2季,董事會決議,2.00000000,0.0,0.0,"         90,095,250",0.0,0.0,0.0,                  0
6523 - 達爾膚,不適用,114年 第1季,董事會決議,2.00000000,0.0,0.0,"         90,095,250",0.0,0.0,0.0,                  0
6523 - 達爾膚,不適用,114年 第2季,董事會決議,2.00000000,0.0,0.0,"         90,095,250",0.0,0.0,0.0,                  0
6523 - 達爾膚,不適用,114年 第1季,董事會決議,2.00000000,0.0,0.0,"         90,095,250",0.0,0.0,0.0,                  0
6534 - 正瀚-創,不適用,114年 上半年,董事會決議,0.50000000,0.0,0.0,"         51,400,000",0.0,0.0,0.0,                  0
6534 - 正瀚-創,不適用,114年 上半年,董事會決議,0.50000000,0.0,0.0,"         51,400,000",0.0,0.0,0.0,                  0
6534 - 正瀚-創,不適用,114年 上半年,董事會決議,0.50000000,0.0,0.0,"         51,400,000",0.0,0.0,0.0,                  0
6534 - 正瀚-創,不適用,114年 上半年,董事會決議,0.50000000,0.0,0.0,"         51,400,000",0.0,0.0,0.0,                  0
6548 - 長科*,不適用,114年 第1季,董事會決議,0.0,0.0,0.0,                  0,0.0,0.0,0.0,                  0
6548 - 長科*,不適用,114年 第2季,董事會決議,0.45000000,0.0,0.0,"        420,096,015",0.0,0.0,0.0,                  0
6548 - 長科*,不適用,114年 第1季,董事會決議,0.0,0.0,0.0,                  0,0.0,0.0,0.0,                  0
6548 - 長科*,不適用,114年 第2季,董事會決議,0.45000000,0.0,0.0,"        420,096,015",0.0,0.0,0.0,                  0
6548 - 長科*,不適用,114年 第1季,董事會決議,0.0,0.0,0.0,                  0,0.0,0.0,0.0,                  0
6548 - 長科*,不適用,114年 第2季,董事會決議,0.45000000,0.0,0.0,"        420,096,015",0.0,0.0,0.0,                  0
6548 - 長科*,不適用,114年 第2季,董事會決議,0.45000000,0.0,0.0,"        420,096,015",0.0,0.0,0.0,                  0
6548 - 長科*,不適用,114年 第1季,董事會決議,0.0,0.0,0.0,                  0,0.0,0.0,0.0,                  0
6561 - 是方,不適用,114年 上半年,董事會決議,6.60000000,0.0,0.0,"        514,525,242",0.0,0.0,0.0,                  0
6561 - 是方,不適用,114年 上半年,董事會決議,6.60000000,0.0,0.0,"        514,525,242",0.0,0.0,0.0,                  0
6561 - 是方,不適用,114年 上半年,董事會決議,6.60000000,0.0,0.0,"        514,525,242",0.0,0.0,0.0,                  0
6561 - 是方,不適用,114年 上半年,董事會決議,6.60000000,0.0,0.0,"        514,525,242",0.0,0.0,0.0,                  0
6574 - 霈方,不適用,114年 第2季,董事會決議,0.0,0.0,0.0,                  0,0.0,0.0,0.0,                  0
6574 - 霈方,不適用,114年 第1季,董事會決議,0.0,0.0,0.0,                  0,0.0,0.0,0.0,                  0
6574 - 霈方,不適用,114年 第2季,董事會決議,0.0,0.0,0.0,                  0,0.0,0.0,0.0,                  0
6574 - 霈方,不適用,114年 第1季,董事會決議,0.0,0.0,0.0,                  0,0.0,0.0,0.0,                  0
6574 - 霈方,不適用,114年 第2季,董事會決議,0.0,0.0,0.0,                  0,0.0,0.0,0.0,                  0
6574 - 霈方,不適用,114年 第2季,董事會決議,0.0,0.0,0.0,                  0,0.0,0.0,0.0,                  0
6574 - 霈方,不適用,114年 第1季,董事會決議,0.0,0.0,0.0,                  0,0.0,0.0,0.0,                  0
6574 - 霈方,不適用,114年 第1季,董事會決議,0.0,0.0,0.0,                  0,0.0,0.0,0.0,                  0
6616 - 特昇-KY,不適用,114年 上半年,董事會決議,0.0,0.0,0.0,                  0,0.0,0.0,0.0,                  0
6616 - 特昇-KY,不適用,114年 上半年,董事會決議,0.0,0.0,0.0,                  0,0.0,0.0,0.0,                  0
6616 - 特昇-KY,不適用,114年 上半年,董事會決議,0.0,0.0,0.0,                  0,0.0,0.0,0.0,                  0
6616 - 特昇-KY,不適用,114年 上半年,董事會決議,0.0,0.0,0.0,                  0,0.0,0.0,0.0,                  0
6655 - 科定,不適用,114年 上半年,董事會決議,1.20000000,0.0,0.0,"         94,269,380",0.0,0.0,0.0,                  0
6655 - 科定,不適用,114年 上半年,董事會決議,1.20000000,0.0,0.0,"         94,269,380",0.0,0.0,0.0,                  0
6655 - 科定,不適用,114年 上半年,董事會決議,1.20000000,0.0,0.0,"         94,269,380",0.0,0.0,0.0,                  0
6655 - 科定,不適用,114年 上半年,董事會決議,1.20000000,0.0,0.0,"         94,269,380",0.0,0.0,0.0,                  0
6672 - 騰輝電子-KY,不適用,114年 上半年,董事會決議,0.0,0.0,0.0,                  0,0.0,0.0,0.0,                  0
6672 - 騰輝電子-KY,不適用,114年 上半年,董事會決議,0.0,0.0,0.0,                  0,0.0,0.0,0.0,                  0
6672 - 騰輝電子-KY,不適用,114年 上半年,董事會決議,0.0,0.0,0.0,                  0,0.0,0.0,0.0,                  0
6672 - 騰輝電子-KY,不適用,114年 上半年,董事會決議,0.0,0.0,0.0,                  0,0.0,0.0,0.0,                  0
6703 - 軒郁,不適用,114年 上半年,董事會決議,3.00000000,0.0,0.0,"         89,274,072",0.0,0.0,0.0,                  0
6703 - 軒郁,不適用,114年 上半年,董事會決議,3.00000000,0.0,0.0,"         89,274,072",0.0,0.0,0.0,                  0
6703 - 軒郁,不適用,114年 上半年,董事會決議,3.00000000,0.0,0.0,"         89,274,072",0.0,0.0,0.0,                  0
6703 - 軒郁,不適用,114年 上半年,董事會決議,3.00000000,0.0,0.0,"         89,274,072",0.0,0.0,0.0,                  0
6763 - 綠界科技*,不適用,114年 上半年,董事會決議,0.95000000,0.0,0.0,"        174,837,174",0.0,0.0,0.0,                  0
6763 - 綠界科技*,不適用,114年 上半年,董事會決議,0.95000000,0.0,0.0,"        174,837,174",0.0,0.0,0.0,                  0
6763 - 綠界科技*,不適用,114年 上半年,董事會決議,0.95000000,0.0,0.0,"        174,837,174",0.0,0.0,0.0,                  0
6763 - 綠界科技*,不適用,114年 上半年,董事會決議,0.95000000,0.0,0.0,"        174,837,174",0.0,0.0,0.0,                  0
6770 - 力積電,不適用,114年 上半年,董事會決議,0.0,0.0,0.0,                  0,0.0,0.0,0.0,                  0
6770 - 力積電,不適用,114年 上半年,董事會決議,0.0,0.0,0.0,                  0,0.0,0.0,0.0,                  0
6770 - 力積電,不適用,114年 上半年,董事會決議,0.0,0.0,0.0,                  0,0.0,0.0,0.0,                  0
6770 - 力積電,不適用,114年 上半年,董事會決議,0.0,0.0,0.0,                  0,0.0,0.0,0.0,                  0
6782 - 視陽,不適用,114年 上半年,董事會決議,0.0,0.0,0.0,                  0,0.0,0.0,0.0,                  0
6782 - 視陽,不適用,114年 上半年,董事會決議,0.0,0.0,0.0,                  0,0.0,0.0,0.0,                  0
6782 - 視陽,不適用,114年 上半年,董事會決議,0.0,0.0,0.0,                  0,0.0,0.0,0.0,                  0
6782 - 視陽,不適用,114年 上半年,董事會決議,0.0,0.0,0.0,                  0,0.0,0.0,0.0,                  0
6799 - 來頡,不適用,114年 第1季,董事會決議,0.0,0.0,0.0,                  0,0.0,0.0,0.0,                  0
6799 - 來頡,不適用,114年 第2季,董事會決議,0.0,0.0,0.0,                  0,0.0,0.0,0.0,                  0
6799 - 來頡,不適用,114年 第1季,董事會決議,0.0,0.0,0.0,                  0,0.0,0.0,0.0,                  0
6799 - 來頡,不適用,114年 第2季,董事會決議,0.0,0.0,0.0,                  0,0.0,0.0,0.0,                  0
6799 - 來頡,不適用,114年 第2季,董事會決議,0.0,0.0,0.0,                  0,0.0,0.0,0.0,                  0
6799 - 來頡,不適用,114年 第1季,董事會決議,0.0,0.0,0.0,                  0,0.0,0.0,0.0,                  0
6799 - 來頡,不適用,114年 第2季,董事會決議,0.0,0.0,0.0,                  0,0.0,0.0,0.0,                  0
6799 - 來頡,不適用,114年 第1季,董事會決議,0.0,0.0,0.0,                  0,0.0,0.0,0.0,                  0
6919 - 康霈*,不適用,114年 第1季,董事會決議,0.0,0.0,0.0,                  0,0.0,0.0,0.0,                  0
6919 - 康霈*,不適用,114年 第2季,董事會決議,0.0,0.0,0.0,                  0,0.0,0.0,0.0,                  0
6919 - 康霈*,不適用,114年 第1季,董事會決議,0.0,0.0,0.0,                  0,0.0,0.0,0.0,                  0
6919 - 康霈*,不適用,114年 第2季,董事會決議,0.0,0.0,0.0,                  0,0.0,0.0,0.0,                  0
6919 - 康霈*,不適用,114年 第1季,董事會決議,0.0,0.0,0.0,                  0,0.0,0.0,0.0,                  0
6919 - 康霈*,不適用,114年 第2季,董事會決議,0.0,0.0,0.0,                  0,0.0,0.0,0.0,                  0
6919 - 康霈*,不適用,114年 第2季,董事會決議,0.0,0.0,0.0,                  0,0.0,0.0,0.0,                  0
6919 - 康霈*,不適用,114年 第1季,董事會決議,0.0,0.0,0.0,                  0,0.0,0.0,0.0,                  0
6931 - 青松健康,不適用,114年 第2季,董事會決議,0.12000000,0.0,0.0,"          7,938,260",0.0,0.0,0.0,                  0
6931 - 青松健康,不適用,114年 第1季,董事會決議,0.0,0.0,0.0,                  0,0.0,0.0,0.0,                  0
6931 - 青松健康,不適用,114年 第2季,董事會決議,0.12000000,0.0,0.0,"          7,938,260",0.0,0.0,0.0,                  0
6931 - 青松健康,不適用,114年 第1季,董事會決議,0.0,0.0,0.0,                  0,0.0,0.0,0.0,                  0
6931 - 青松健康,不適用,114年 第1季,董事會決議,0.0,0.0,0.0,                  0,0.0,0.0,0.0,                  0
6931 - 青松健康,不適用,114年 第2季,董事會決議,0.12000000,0.0,0.0,"          7,938,260",0.0,0.0,0.0,                  0
6931 - 青松健康,不適用,114年 第2季,董事會決議,0.12000000,0.0,0.0,"          7,938,260",0.0,0.0,0.0,                  0
6931 - 青松健康,不適用,114年 第1季,董事會決議,0.0,0.0,0.0,                  0,0.0,0.0,0.0,                  0
7631 - 聚賢研發-創,不適用,114年 第2季,董事會決議,0.75000000,0.0,0.0,"         14,850,000",0.0,0.0,0.0,                  0
7631 - 聚賢研發-創,不適用,114年 第1季,董事會決議,0.65000000,0.0,0.0,"         12,870,000",0.0,0.0,0.0,                  0
7631 - 聚賢研發-創,不適用,114年 第2季,董事會決議,0.75000000,0.0,0.0,"         14,850,000",0.0,0.0,0.0,                  0
7631 - 聚賢研發-創,不適用,114年 第1季,董事會決議,0.65000000,0.0,0.0,"         12,870,000",0.0,0.0,0.0,                  0
7631 - 聚賢研發-創,不適用,114年 第1季,董事會決議,0.65000000,0.0,0.0,"         12,870,000",0.0,0.0,0.0,                  0
7631 - 聚賢研發-創,不適用,114年 第2季,董事會決議,0.75000000,0.0,0.0,"         14,850,000",0.0,0.0,0.0,                  0
7631 - 聚賢研發-創,不適用,114年 第2季,董事會決議,0.75000000,0.0,0.0,"         14,850,000",0.0,0.0,0.0,                  0
7631 - 聚賢研發-創,不適用,114年 第1季,董事會決議,0.65000000,0.0,0.0,"         12,870,000",0.0,0.0,0.0,                  0
7714 - 創泓科技,不適用,114年 上半年,董事會決議,2.00000000,0.0,0.0,"         42,000,000",0.0,0.0,0.0,                  0
7714 - 創泓科技,不適用,114年 上半年,董事會決議,2.00000000,0.0,0.0,"         42,000,000",0.0,0.0,0.0,                  0
7714 - 創泓科技,不適用,114年 上半年,董事會決議,2.00000000,0.0,0.0,"         42,000,000",0.0,0.0,0.0,                  0
7714 - 創泓科技,不適用,114年 上半年,董事會決議,2.00000000,0.0,0.0,"         42,000,000",0.0,0.0,0.0,                  0
7723 - 築間,不適用,114年 上半年,董事會決議,0.0,0.0,0.0,                  0,0.0,0.0,0.0,                  0
7723 - 築間,不適用,114年 上半年,董事會決議,0.0,0.0,0.0,                  0,0.0,0.0,0.0,                  0
7723 - 築間,不適用,114年 上半年,董事會決議,0.0,0.0,0.0,                  0,0.0,0.0,0.0,                  0
7723 - 築間,不適用,114年 上半年,董事會決議,0.0,0.0,0.0,                  0,0.0,0.0,0.0,                  0
7780 - 大研生醫,不適用,114年 第2季,董事會決議,0.36776245,0.0,2.08324941,"        125,000,000",0.0,0.0,0.0,                  0
7780 - 大研生醫,不適用,114年 第2季,董事會決議,0.36776245,0.0,2.08324941,"        125,000,000",0.0,0.0,0.0,                  0
7780 - 大研生醫,不適用,114年 第2季,董事會決議,0.36776245,0.0,2.08324941,"        125,000,000",0.0,0.0,0.0,                  0
7780 - 大研生醫,不適用,114年 第1季,董事會決議,1.57497304,0.0,0.61664183,"        131,502,189",0.0,0.0,0.0,                  0
7780 - 大研生醫,不適用,114年 第1季,董事會決議,1.57497304,0.0,0.61664183,"        131,502,189",0.0,0.0,0.0,                  0
7780 - 大研生醫,不適用,114年 第2季,董事會決議,0.36776245,0.0,2.08324941,"        125,000,000",0.0,0.0,0.0,                  0
7780 - 大研生醫,不適用,114年 第1季,董事會決議,1.57497304,0.0,0.61664183,"        131,502,189",0.0,0.0,0.0,                  0
7780 - 大研生醫,不適用,114年 第1季,董事會決議,1.57497304,0.0,0.61664183,"        131,502,189",0.0,0.0,0.0,                  0
8299 - 群聯,不適用,114年 上半年,董事會決議,6.50000000,0.0,0.0,"      1,343,080,882",0.0,0.0,0.0,                  0
8299 - 群聯,不適用,114年 上半年,董事會決議,6.50000000,0.0,0.0,"      1,343,080,882",0.0,0.0,0.0,                  0
8299 - 群聯,不適用,114年 上半年,董事會決議,6.50000000,0.0,0.0,"      1,343,080,882",0.0,0.0,0.0,                  0
8299 - 群聯,不適用,114年 上半年,董事會決議,6.50000000,0.0,0.0,"      1,343,080,882",0.0,0.0,0.0,                  0
8411 - 福貞-KY,不適用,114年 第1季,董事會決議,0.0,0.0,0.0,                  0,0.0,0.0,0.0,                  0
8411 - 福貞-KY,不適用,114年 第2季,董事會決議,0.0,0.0,0.0,                  0,0.0,0.0,0.0,                  0
8411 - 福貞-KY,不適用,114年 第1季,董事會決議,0.0,0.0,0.0,                  0,0.0,0.0,0.0,                  0
8411 - 福貞-KY,不適用,114年 第2季,董事會決議,0.0,0.0,0.0,                  0,0.0,0.0,0.0,                  0
8411 - 福貞-KY,不適用,114年 第1季,董事會決議,0.0,0.0,0.0,                  0,0.0,0.0,0.0,                  0
8411 - 福貞-KY,不適用,114年 第1季,董事會決議,0.0,0.0,0.0,                  0,0.0,0.0,0.0,                  0
8411 - 福貞-KY,不適用,114年 第2季,董事會決議,0.0,0.0,0.0,                  0,0.0,0.0,0.0,                  0
8411 - 福貞-KY,不適用,114年 第2季,董事會決議,0.0,0.0,0.0,                  0,0.0,0.0,0.0,                  0
8426 - 紅木-KY,不適用,114年 上半年,董事會決議,0.0,0.0,0.0,                  0,0.0,0.0,0.0,                  0
8426 - 紅木-KY,不適用,114年 上半年,董事會決議,0.0,0.0,0.0,                  0,0.0,0.0,0.0,                  0
8426 - 紅木-KY,不適用,114年 上半年,董事會決議,0.0,0.0,0.0,                  0,0.0,0.0,0.0,                  0
8426 - 紅木-KY,不適用,114年 上半年,董事會決議,0.0,0.0,0.0,                  0,0.0,0.0,0.0,                  0
8431 - 匯鑽科,不適用,114年 上半年,董事會決議,0.0,0.0,0.0,                  0,0.0,0.0,0.0,                  0
8431 - 匯鑽科,不適用,114年 上半年,董事會決議,0.0,0.0,0.0,                  0,0.0,0.0,0.0,                  0
8431 - 匯鑽科,不適用,114年 上半年,董事會決議,0.0,0.0,0.0,                  0,0.0,0.0,0.0,                  0
8431 - 匯鑽科,不適用,114年 上半年,董事會決議,0.0,0.0,0.0,                  0,0.0,0.0,0.0,                  0
8443 - 阿瘦,不適用,114年 第2季,董事會決議,0.0,0.0,0.0,                  0,0.0,0.0,0.0,                  0
8443 - 阿瘦,不適用,114年 第2季,董事會決議,0.0,0.0,0.0,                  0,0.0,0.0,0.0,                  0
8443 - 阿瘦,不適用,114年 第1季,董事會決議,0.0,0.0,0.0,                  0,0.0,0.0,0.0,                  0
8443 - 阿瘦,不適用,114年 第1季,董事會決議,0.0,0.0,0.0,                  0,0.0,0.0,0.0,                  0
8443 - 阿瘦,不適用,114年 第2季,董事會決議,0.0,0.0,0.0,                  0,0.0,0.0,0.0,                  0
8443 - 阿瘦,不適用,114年 第1季,董事會決議,0.0,0.0,0.0,                  0,0.0,0.0,0.0,                  0
8443 - 阿瘦,不適用,114年 第2季,董事會決議,0.0,0.0,0.0,                  0,0.0,0.0,0.0,                  0
8443 - 阿瘦,不適用,114年 第1季,董事會決議,0.0,0.0,0.0,                  0,0.0,0.0,0.0,                  0
8444 - 綠河-KY,不適用,114年 上半年,董事會決議,0.0,0.0,0.0,                  0,0.0,0.0,0.0,                  0
8444 - 綠河-KY,不適用,114年 上半年,董事會決議,0.0,0.0,0.0,                  0,0.0,0.0,0.0,                  0
8444 - 綠河-KY,不適用,114年 上半年,董事會決議,0.0,0.0,0.0,                  0,0.0,0.0,0.0,                  0
8444 - 綠河-KY,不適用,114年 上半年,董事會決議,0.0,0.0,0.0,                  0,0.0,0.0,0.0,                  0
8467 - 波力-KY,不適用,114年 第2季,董事會決議,0.0,0.0,0.0,                  0,0.0,0.0,0.0,                  0
8467 - 波力-KY,不適用,114年 第1季,董事會決議,2.00000000,0.0,0.0,"        103,663,150",0.0,0.0,0.0,                  0
8467 - 波力-KY,不適用,114年 第1季,董事會決議,2.00000000,0.0,0.0,"        103,663,150",0.0,0.0,0.0,                  0
8467 - 波力-KY,不適用,114年 第2季,董事會決議,0.0,0.0,0.0,                  0,0.0,0.0,0.0,                  0
8467 - 波力-KY,不適用,114年 第2季,董事會決議,0.0,0.0,0.0,                  0,0.0,0.0,0.0,                  0
8467 - 波力-KY,不適用,114年 第2季,董事會決議,0.0,0.0,0.0,                  0,0.0,0.0,0.0,                  0
8467 - 波力-KY,不適用,114年 第1季,董事會決議,2.00000000,0.0,0.0,"        103,663,150",0.0,0.0,0.0,                  0
8467 - 波力-KY,不適用,114年 第1季,董事會決議,2.00000000,0.0,0.0,"        103,663,150",0.0,0.0,0.0,                  0
8941 - 關中,不適用,114年 上半年,董事會決議,0.0,0.0,0.0,                  0,0.0,0.0,0.0,                  0
8941 - 關中,不適用,114年 上半年,董事會決議,0.0,0.0,0.0,                  0,0.0,0.0,0.0,                  0
8941 - 關中,不適用,114年 上半年,董事會決議,0.0,0.0,0.0,                  0,0.0,0.0,0.0,                  0
8941 - 關中,不適用,114年 上半年,董事會決議,0.0,0.0,0.0,                  0,0.0,0.0,0.0,                  0
9946 - 三發地產,不適用,114年 第2季,董事會決議,0.0,0.0,0.0,                  0,0.0,0.0,0.0,                  0
9946 - 三發地產,不適用,114年 第2季,董事會決議,0.0,0.0,0.0,                  0,0.0,0.0,0.0,                  0
9946 - 三發地產,不適用,114年 第2季,董事會決議,0.0,0.0,0.0,                  0,0.0,0.0,0.0,                  0
9946 - 三發地產,不適用,114年 第2季,董事會決議,0.0,0.0,0.0,                  0,0.0,0.0,0.0,                  0
